,Club,league,Expenditure,Arrivals,Income,Departures,Balance,season,league_id
0,Hamburger SV,Bundesliga,34450000.0,15,45200000.0,14,10750000.0,2008/2009,7809
1,VfL Wolfsburg,Bundesliga,33100000.0,19,4530000.0,22,-28570000.0,2008/2009,7809
2,FC Schalke 04,Bundesliga,15750000.0,8,9000000.0,11,-6750000.0,2008/2009,7809
3,Borussia Dortmund,Bundesliga,13750000.0,13,12300000.0,17,-1450000.0,2008/2009,7809
4,TSG 1899 Hoffenheim,Bundesliga,11950000.0,10,125000.0,16,-11830000.0,2008/2009,7809
5,Borussia Mönchengladbach,Bundesliga,11550000.0,13,670000.0,11,-10880000.0,2008/2009,7809
6,Bayer 04 Leverkusen,Bundesliga,10250000.0,16,4000000.0,12,-6250000.0,2008/2009,7809
7,VfB Stuttgart,Bundesliga,9600000.0,14,13100000.0,14,3500000.0,2008/2009,7809
8,1.FC Köln,Bundesliga,7150000.0,13,750000.0,13,-6400000.0,2008/2009,7809
9,Eintracht Frankfurt,Bundesliga,6650000.0,8,1020000.0,6,-5630000.0,2008/2009,7809
10,Hannover 96,Bundesliga,6400000.0,12,3140000.0,9,-3270000.0,2008/2009,7809
11,Hertha BSC,Bundesliga,6400000.0,17,2900000.0,12,-3500000.0,2008/2009,7809
12,SV Werder Bremen,Bundesliga,5800000.0,10,3400000.0,9,-2400000.0,2008/2009,7809
13,VfL Bochum,Bundesliga,4750000.0,10,8000.0,12,-4740000.0,2008/2009,7809
14,Arminia Bielefeld,Bundesliga,3200000.0,14,1830000.0,17,-1380000.0,2008/2009,7809
15,FC Energie Cottbus,Bundesliga,2600000.0,16,720000.0,15,-1880000.0,2008/2009,7809
16,Karlsruher SC,Bundesliga,1900000.0,7,2900000.0,4,1000000.0,2008/2009,7809
17,Bayern Munich,Bundesliga,0.0,7,10900000.0,11,10900000.0,2008/2009,7809
18,Bayern Munich,Bundesliga,75700000.0,13,22950000.0,12,-52750000.0,2009/2010,7809
19,Hamburger SV,Bundesliga,30450000.0,18,8500000.0,18,-21950000.0,2009/2010,7809
20,VfL Wolfsburg,Bundesliga,27300000.0,14,3400000.0,15,-23900000.0,2009/2010,7809
21,VfB Stuttgart,Bundesliga,18100000.0,11,30950000.0,9,12850000.0,2009/2010,7809
22,TSG 1899 Hoffenheim,Bundesliga,16250000.0,12,225000.0,8,-16030000.000000002,2009/2010,7809
23,SV Werder Bremen,Bundesliga,13000000.0,17,32380000.000000004,15,19380000.0,2009/2010,7809
24,1.FC Köln,Bundesliga,11500000.0,11,900000.0,9,-10600000.0,2009/2010,7809
25,Borussia Dortmund,Bundesliga,10900000.0,14,6350000.0,8,-4550000.0,2009/2010,7809
26,Borussia Mönchengladbach,Bundesliga,10500000.0,11,8400000.0,11,-2100000.0,2009/2010,7809
27,FC Schalke 04,Bundesliga,8500000.0,23,4800000.0,10,-3700000.0,2009/2010,7809
28,Bayer 04 Leverkusen,Bundesliga,6550000.0,14,1600000.0,16,-4950000.0,2009/2010,7809
29,Hertha BSC,Bundesliga,4510000.0,14,8550000.0,17,4040000.0,2009/2010,7809
30,1.FSV Mainz 05,Bundesliga,3600000.0,13,200000.0,12,-3400000.0,2009/2010,7809
31,SC Freiburg,Bundesliga,3150000.0,12,445000.0,10,-2710000.0,2009/2010,7809
32,VfL Bochum,Bundesliga,2100000.0,10,250000.0,11,-1850000.0,2009/2010,7809
33,Hannover 96,Bundesliga,2049999.9999999998,12,800000.0,7,-1250000.0,2009/2010,7809
34,Eintracht Frankfurt,Bundesliga,1250000.0,13,600000.0,10,-650000.0,2009/2010,7809
35,1.FC Nuremberg,Bundesliga,450000.0,12,2350000.0,12,1900000.0,2009/2010,7809
36,Bayern Munich,Bundesliga,90750000.0,10,33000000.0,10,-57750000.0,2015/2016,7809
37,VfL Wolfsburg,Bundesliga,68100000.0,13,111300000.0,12,43200000.0,2015/2016,7809
38,Bayer 04 Leverkusen,Bundesliga,60000000.0,23,63250000.0,18,3250000.0,2015/2016,7809
39,Borussia Mönchengladbach,Bundesliga,38000000.0,11,15700000.0,10,-22300000.0,2015/2016,7809
40,FC Schalke 04,Bundesliga,37100000.0,16,57200000.0,17,20100000.0,2015/2016,7809
41,TSG 1899 Hoffenheim,Bundesliga,23400000.0,30,57150000.0,29,33750000.0,2015/2016,7809
42,Hamburger SV,Bundesliga,21850000.0,19,15200000.0,19,-6650000.0,2015/2016,7809
43,Borussia Dortmund,Bundesliga,20000000.0,12,42550000.0,16,22550000.0,2015/2016,7809
44,Hannover 96,Bundesliga,18400000.0,21,13500000.0,18,-4900000.0,2015/2016,7809
45,FC Augsburg,Bundesliga,16700000.0,14,26900000.0,10,10200000.0,2015/2016,7809
46,VfB Stuttgart,Bundesliga,15670000.0,19,20550000.0,19,4880000.0,2015/2016,7809
47,1.FC Köln,Bundesliga,14780000.0,12,13050000.0,15,-1730000.0,2015/2016,7809
48,1.FSV Mainz 05,Bundesliga,13850000.0,23,34200000.0,23,20350000.0,2015/2016,7809
49,SV Werder Bremen,Bundesliga,12880000.0,23,19450000.0,16,6570000.0,2015/2016,7809
50,Eintracht Frankfurt,Bundesliga,11820000.0,15,12100000.0,13,280000.0,2015/2016,7809
51,Hertha BSC,Bundesliga,7300000.0,13,4920000.0,11,-2380000.0,2015/2016,7809
52,FC Ingolstadt 04,Bundesliga,6200000.0,6,0.0,9,-6200000.0,2015/2016,7809
53,SV Darmstadt 98,Bundesliga,1100000.0,16,0.0,11,-1100000.0,2015/2016,7809
54,Borussia Dortmund,Bundesliga,65200000.0,9,4800000.0,8,-60400000.0,2014/2015,7809
55,Bayern Munich,Bundesliga,53400000.0,9,48700000.0,10,-4700000.0,2014/2015,7809
56,VfL Wolfsburg,Bundesliga,45050000.0,15,6250000.0,13,-38800000.0,2014/2015,7809
57,Bayer 04 Leverkusen,Bundesliga,39310000.0,20,18350000.0,25,-20960000.0,2014/2015,7809
58,Hamburger SV,Bundesliga,35800000.0,20,23900000.0,19,-11900000.0,2014/2015,7809
59,TSG 1899 Hoffenheim,Bundesliga,19200000.0,20,14420000.0,26,-4780000.0,2014/2015,7809
60,Hertha BSC,Bundesliga,14500000.0,14,19450000.0,12,4950000.0,2014/2015,7809
61,SC Freiburg,Bundesliga,14350000.0,15,18600000.0,17,4250000.0,2014/2015,7809
62,Borussia Mönchengladbach,Bundesliga,12750000.0,10,17900000.0,9,5150000.0,2014/2015,7809
63,FC Augsburg,Bundesliga,12450000.0,15,6900000.0,14,-5550000.0,2014/2015,7809
64,Hannover 96,Bundesliga,10800000.0,20,3500000.0,18,-7300000.0,2014/2015,7809
65,VfB Stuttgart,Bundesliga,10800000.0,13,750000.0,10,-10050000.0,2014/2015,7809
66,1.FSV Mainz 05,Bundesliga,9120000.0,19,6600000.0,17,-2520000.0,2014/2015,7809
67,1.FC Köln,Bundesliga,8400000.0,12,100000.0,15,-8300000.000000001,2014/2015,7809
68,SV Werder Bremen,Bundesliga,6550000.0,16,3350000.0,19,-3200000.0,2014/2015,7809
69,Eintracht Frankfurt,Bundesliga,6500000.0,16,5930000.0,19,-575000.0,2014/2015,7809
70,FC Schalke 04,Bundesliga,4400000.0,14,8600000.0,11,4200000.0,2014/2015,7809
71,SC Paderborn 07,Bundesliga,1950000.0,13,0.0,12,-1950000.0,2014/2015,7809
90,Bayern Munich,Bundesliga,62000000.0,8,40000000.0,7,-22000000.0,2013/2014,7809
91,Borussia Dortmund,Bundesliga,52600000.0,13,47380000.0,11,-5230000.0,2013/2014,7809
92,VfL Wolfsburg,Bundesliga,50600000.0,28,16050000.0,30,-34550000.0,2013/2014,7809
93,FC Schalke 04,Bundesliga,26050000.0,13,8100000.0,14,-17950000.0,2013/2014,7809
94,Bayer 04 Leverkusen,Bundesliga,24980000.0,18,35570000.0,16,10600000.0,2013/2014,7809
95,1.FSV Mainz 05,Bundesliga,14200000.0,14,11550000.0,14,-2650000.0,2013/2014,7809
96,Hannover 96,Bundesliga,10500000.0,16,4700000.0,18,-5800000.0,2013/2014,7809
97,SV Werder Bremen,Bundesliga,10250000.0,10,13600000.0,12,3350000.0,2013/2014,7809
98,TSG 1899 Hoffenheim,Bundesliga,9900000.0,23,4000000.0,25,-5900000.0,2013/2014,7809
99,Borussia Mönchengladbach,Bundesliga,7900000.0,9,3250000.0,9,-4650000.0,2013/2014,7809
100,Eintracht Frankfurt,Bundesliga,7480000.0,14,500000.0,11,-6980000.0,2013/2014,7809
101,1.FC Nuremberg,Bundesliga,7320000.0,18,6750000.0,17,-570000.0,2013/2014,7809
102,VfB Stuttgart,Bundesliga,7200000.0,14,7200000.0,19,0.0,2013/2014,7809
103,SC Freiburg,Bundesliga,6930000.0,16,12200000.0,14,5270000.0,2013/2014,7809
104,FC Augsburg,Bundesliga,4550000.0,15,600000.0,14,-3950000.0,2013/2014,7809
105,Hamburger SV,Bundesliga,2350000.0,12,13750000.0,10,11400000.0,2013/2014,7809
106,Eintracht Braunschweig,Bundesliga,1800000.0,10,0.0,10,-1800000.0,2013/2014,7809
107,Hertha BSC,Bundesliga,1300000.0,10,350000.0,12,-950000.0,2013/2014,7809
108,Bayern Munich,Bundesliga,70300000.0,10,500000.0,7,-69800000.0,2012/2013,7809
109,Borussia Mönchengladbach,Bundesliga,33400000.0,13,24050000.0,12,-9350000.0,2012/2013,7809
110,VfL Wolfsburg,Bundesliga,27100000.0,21,21850000.0,28,-5250000.0,2012/2013,7809
111,Hamburger SV,Bundesliga,27000000.0,12,9600000.0,17,-17400000.0,2012/2013,7809
112,Borussia Dortmund,Bundesliga,26650000.0,12,34000000.0,12,7350000.0,2012/2013,7809
113,TSG 1899 Hoffenheim,Bundesliga,26300000.0,28,20250000.0,21,-6050000.0,2012/2013,7809
114,Bayer 04 Leverkusen,Bundesliga,20900000.0,19,14680000.0,18,-6220000.0,2012/2013,7809
115,SV Werder Bremen,Bundesliga,14730000.0,13,13100000.0,15,-1630000.0,2012/2013,7809
116,Hannover 96,Bundesliga,9550000.0,12,3170000.0,11,-6380000.0,2012/2013,7809
117,Eintracht Frankfurt,Bundesliga,8150000.0,21,3000000.0,19,-5150000.0,2012/2013,7809
118,FC Schalke 04,Bundesliga,6500000.0,18,6850000.0,21,350000.0,2012/2013,7809
119,1.FSV Mainz 05,Bundesliga,4179999.9999999995,10,5950000.0,13,1770000.0,2012/2013,7809
120,SpVgg Greuther Fürth,Bundesliga,3850000.0,22,2340000.0,17,-1510000.0,2012/2013,7809
121,Fortuna Düsseldorf,Bundesliga,3050000.0,24,0.0,20,-3050000.0,2012/2013,7809
122,FC Augsburg,Bundesliga,2850000.0,16,150000.0,17,-2700000.0,2012/2013,7809
123,1.FC Nuremberg,Bundesliga,2700000.0,13,7000000.0,15,4300000.0,2012/2013,7809
124,VfB Stuttgart,Bundesliga,2400000.0,12,9700000.0,7,7300000.0,2012/2013,7809
125,SC Freiburg,Bundesliga,1500000.0,9,200000.0,10,-1300000.0,2012/2013,7809
126,VfL Wolfsburg,Bundesliga,56150000.0,18,59650000.0,16,3500000.0,2010/2011,7809
127,FC Schalke 04,Bundesliga,36100000.0,22,20050000.0,26,-16050000.0,2010/2011,7809
128,TSG 1899 Hoffenheim,Bundesliga,22450000.0,15,45400000.0,16,22950000.0,2010/2011,7809
129,Bayern Munich,Bundesliga,17000000.0,8,6000000.0,10,-11000000.0,2010/2011,7809
130,SV Werder Bremen,Bundesliga,16239999.999999998,15,21500000.0,12,5260000.0,2010/2011,7809
131,Hamburger SV,Bundesliga,15200000.0,11,15550000.0,12,350000.0,2010/2011,7809
132,VfB Stuttgart,Bundesliga,13100000.0,13,20500000.0,15,7400000.0,2010/2011,7809
133,Borussia Mönchengladbach,Bundesliga,7000000.0,11,2000000.0,11,-5000000.0,2010/2011,7809
134,Borussia Dortmund,Bundesliga,6200000.0,12,4300000.0,12,-1900000.0,2010/2011,7809
135,Bayer 04 Leverkusen,Bundesliga,5700000.0,14,6550000.0,15,850000.0,2010/2011,7809
136,1.FC Kaiserslautern,Bundesliga,4600000.0,19,100000.0,20,-4500000.0,2010/2011,7809
137,1.FC Köln,Bundesliga,4600000.0,18,50000.0,13,-4550000.0,2010/2011,7809
138,1.FSV Mainz 05,Bundesliga,3800000.0,17,5120000.0,20,1320000.0,2010/2011,7809
139,Eintracht Frankfurt,Bundesliga,2450000.0,10,1150000.0,15,-1300000.0,2010/2011,7809
140,SC Freiburg,Bundesliga,1450000.0,13,210000.0,13,-1240000.0,2010/2011,7809
141,1.FC Nuremberg,Bundesliga,1150000.0,20,2750000.0,18,1600000.0,2010/2011,7809
142,Hannover 96,Bundesliga,1000000.0,11,550000.0,16,-450000.0,2010/2011,7809
143,FC St. Pauli,Bundesliga,200000.0,5,0.0,7,-200000.0,2010/2011,7809
144,Bayern Munich,Bundesliga,52100000.0,8,5000000.0,5,-47100000.0,2011/2012,7809
145,VfL Wolfsburg,Bundesliga,48800000.0,27,12130000.0,19,-36680000.0,2011/2012,7809
146,Bayer 04 Leverkusen,Bundesliga,26110000.0,16,16059999.999999998,15,-10050000.0,2011/2012,7809
147,Hamburger SV,Bundesliga,13900000.0,20,17350000.0,18,3450000.0,2011/2012,7809
148,VfB Stuttgart,Bundesliga,11100000.0,10,18400000.0,12,7300000.0,2011/2012,7809
149,1.FSV Mainz 05,Bundesliga,10900000.0,21,17950000.0,16,7050000.0,2011/2012,7809
150,Borussia Dortmund,Bundesliga,9730000.0,8,12140000.0,11,2420000.0,2011/2012,7809
151,SV Werder Bremen,Bundesliga,8800000.0,17,20250000.0,19,11450000.0,2011/2012,7809
152,FC Schalke 04,Bundesliga,7600000.0,13,34080000.0,16,26480000.0,2011/2012,7809
153,1.FC Kaiserslautern,Bundesliga,6630000.0,14,4450000.0,16,-2180000.0,2011/2012,7809
154,TSG 1899 Hoffenheim,Bundesliga,5900000.0,16,7500000.0,14,1600000.0,2011/2012,7809
155,1.FC Köln,Bundesliga,5880000.0,16,2880000.0,20,-3000000.0,2011/2012,7809
156,Hannover 96,Bundesliga,4200000.0,9,0.0,7,-4200000.0,2011/2012,7809
157,1.FC Nuremberg,Bundesliga,4150000.0000000005,16,5500000.0,16,1350000.0,2011/2012,7809
158,SC Freiburg,Bundesliga,3500000.0,16,15300000.0,16,11800000.0,2011/2012,7809
159,Borussia Mönchengladbach,Bundesliga,2650000.0,17,3830000.0,21,1180000.0,2011/2012,7809
160,Hertha BSC,Bundesliga,1400000.0,13,1000000.0,10,-400000.0,2011/2012,7809
161,FC Augsburg,Bundesliga,1180000.0,13,260000.0,12,-915000.0,2011/2012,7809
162,FC Barcelona,LaLiga,96000000.0,9,54590000.0,11,-41410000.0,2008/2009,21518
163,Real Madrid,LaLiga,82200000.0,12,71000000.0,11,-11200000.0,2008/2009,21518
164,Sevilla FC,LaLiga,37700000.0,14,60550000.0,15,22850000.0,2008/2009,21518
165,Real Betis Balompié,LaLiga,34200000.0,14,11500000.0,13,-22700000.0,2008/2009,21518
166,Atlético de Madrid,LaLiga,26500000.0,13,3450000.0,15,-23050000.0,2008/2009,21518
167,Villarreal CF,LaLiga,26170000.0,16,24500000.0,17,-1670000.0,2008/2009,21518
168,Getafe CF,LaLiga,17500000.0,13,8000000.0,13,-9500000.0,2008/2009,21518
169,UD Almería,LaLiga,14500000.0,12,8000000.0,10,-6500000.0,2008/2009,21518
170,RCD Espanyol Barcelona,LaLiga,14300000.0,12,18600000.0,13,4300000.0,2008/2009,21518
171,RCD Mallorca,LaLiga,10230000.0,18,32400000.0,19,22170000.0,2008/2009,21518
172,Deportivo de La Coruña,LaLiga,9200000.0,17,20180000.0,19,10980000.0,2008/2009,21518
173,Valencia CF,LaLiga,6600000.0,22,11300000.0,21,4700000.0,2008/2009,21518
174,CA Osasuna,LaLiga,5050000.0,14,4750000.0,14,-300000.0,2008/2009,21518
175,Recreativo Huelva,LaLiga,4990000.0,15,14300000.0,15,9310000.0,2008/2009,21518
176,Racing Santander,LaLiga,3800000.0,16,17500000.0,19,13700000.0,2008/2009,21518
177,Real Valladolid CF,LaLiga,1250000.0,13,5500000.0,13,4250000.0,2008/2009,21518
178,Málaga CF,LaLiga,1100000.0,15,0.0,16,-1100000.0,2008/2009,21518
179,Athletic Bilbao,LaLiga,325000.0,10,6000000.0,12,5680000.0,2008/2009,21518
180,CD Numancia,LaLiga,300000.0,13,2000000.0,12,1700000.0,2008/2009,21518
181,Sporting Gijón,LaLiga,100000.0,8,0.0,10,-100000.0,2008/2009,21518
182,Real Madrid,LaLiga,258500000.0,10,88500000.0,14,-170000000.0,2009/2010,21518
183,FC Barcelona,LaLiga,113500000.0,8,24500000.0,10,-89000000.0,2009/2010,21518
184,Sevilla FC,LaLiga,27500000.0,11,12800000.0,11,-14700000.0,2009/2010,21518
185,Villarreal CF,LaLiga,22900000.0,11,11750000.0,15,-11150000.0,2009/2010,21518
186,Atlético de Madrid,LaLiga,17250000.0,15,17900000.0,15,650000.0,2009/2010,21518
187,Real Zaragoza,LaLiga,14900000.0,20,10920000.0,17,-3990000.0,2009/2010,21518
188,Getafe CF,LaLiga,12250000.0,11,11400000.0,13,-850000.0,2009/2010,21518
189,Real Valladolid CF,LaLiga,6680000.0,21,9500000.0,18,2830000.0,2009/2010,21518
190,Racing Santander,LaLiga,6500000.0,20,8500000.0,19,2000000.0,2009/2010,21518
191,RCD Espanyol Barcelona,LaLiga,5800000.0,19,8150000.0,16,2350000.0,2009/2010,21518
192,UD Almería,LaLiga,5200000.0,10,7500000.0,9,2300000.0,2009/2010,21518
193,Valencia CF,LaLiga,5000000.0,16,20630000.0,18,15630000.0,2009/2010,21518
194,CA Osasuna,LaLiga,2460000.0,12,4000000.0,15,1540000.0,2009/2010,21518
195,Athletic Bilbao,LaLiga,2350000.0,9,0.0,9,-2350000.0,2009/2010,21518
196,Deportivo de La Coruña,LaLiga,2100000.0,12,2700000.0,14,600000.0,2009/2010,21518
197,Málaga CF,LaLiga,1600000.0,22,1150000.0,19,-450000.0,2009/2010,21518
198,Sporting Gijón,LaLiga,1400000.0,10,3300000.0,10,1900000.0,2009/2010,21518
199,CD Tenerife,LaLiga,600000.0,7,0.0,7,-600000.0,2009/2010,21518
200,Xerez CD,LaLiga,500000.0,12,0.0,15,-500000.0,2009/2010,21518
201,RCD Mallorca,LaLiga,400000.0,15,9950000.0,14,9550000.0,2009/2010,21518
202,Valencia CF,LaLiga,143900000.0,20,50000000.0,16,-93900000.0,2015/2016,21518
203,Atlético de Madrid,LaLiga,119000000.0,22,152000000.0,23,33000000.0,2015/2016,21518
204,Real Madrid,LaLiga,100400000.0,12,24150000.0,12,-76250000.0,2015/2016,21518
205,FC Barcelona,LaLiga,51000000.0,11,38300000.0,10,-12700000.0,2015/2016,21518
206,Villarreal CF,LaLiga,47200000.0,19,37560000.0,18,-9640000.0,2015/2016,21518
207,Sevilla FC,LaLiga,44000000.0,23,61450000.0,21,17450000.0,2015/2016,21518
208,Real Sociedad,LaLiga,26100000.0,17,1000000.0,15,-25100000.0,2015/2016,21518
209,Celta de Vigo,LaLiga,16300000.0,10,18500000.0,12,2200000.0,2015/2016,21518
210,Athletic Bilbao,LaLiga,10000000.0,13,0.0,16,-10000000.0,2015/2016,21518
211,Real Betis Balompié,LaLiga,8850000.0,22,1050000.0,18,-7800000.0,2015/2016,21518
212,Málaga CF,LaLiga,8650000.0,20,46800000.0,20,38150000.0,2015/2016,21518
213,Deportivo de La Coruña,LaLiga,8000000.0,18,0.0,20,-8000000.0,2015/2016,21518
214,Levante UD,LaLiga,6550000.0,16,0.0,15,-6550000.0,2015/2016,21518
215,UD Las Palmas,LaLiga,6400000.0,17,0.0,17,-6400000.0,2015/2016,21518
216,RCD Espanyol Barcelona,LaLiga,4450000.0,24,15200000.0,19,10750000.0,2015/2016,21518
217,Granada CF,LaLiga,3850000.0,39,11170000.0,41,7320000.0,2015/2016,21518
218,SD Eibar,LaLiga,3700000.0,27,0.0,27,-3700000.0,2015/2016,21518
219,Rayo Vallecano,LaLiga,400000.0,18,0.0,17,-400000.0,2015/2016,21518
220,Getafe CF,LaLiga,270000.0,14,4099999.9999999995,12,3830000.0,2015/2016,21518
221,Sporting Gijón,LaLiga,0.0,9,0.0,7,0.0,2015/2016,21518
222,FC Barcelona,LaLiga,166720000.0,13,81800000.0,15,-84920000.0,2014/2015,21518
223,Real Madrid,LaLiga,126000000.0,8,112100000.0,8,-13900000.0,2014/2015,21518
224,Atlético de Madrid,LaLiga,120350000.0,25,89300000.0,25,-31050000.0,2014/2015,21518
225,Valencia CF,LaLiga,55050000.0,23,55450000.0,25,400000.0,2014/2015,21518
226,Sevilla FC,LaLiga,20950000.0,25,50550000.0,22,29600000.0,2014/2015,21518
227,Villarreal CF,LaLiga,18700000.0,14,22500000.0,15,3800000.0,2014/2015,21518
228,Real Sociedad,LaLiga,12000000.0,14,45200000.0,14,33200000.000000004,2014/2015,21518
229,Granada CF,LaLiga,7920000.0,44,21000000.0,36,13080000.0,2014/2015,21518
230,Celta de Vigo,LaLiga,3900000.0,12,1500000.0,11,-2400000.0,2014/2015,21518
231,RCD Espanyol Barcelona,LaLiga,2500000.0,15,11000000.0,17,8500000.0,2014/2015,21518
232,Málaga CF,LaLiga,1500000.0,14,18990000.0,13,17490000.0,2014/2015,21518
233,Deportivo de La Coruña,LaLiga,1400000.0,18,0.0,14,-1400000.0,2014/2015,21518
234,Elche CF,LaLiga,1350000.0,15,6000000.0,18,4660000.0,2014/2015,21518
235,Athletic Bilbao,LaLiga,1000000.0,11,36000000.0,11,35000000.0,2014/2015,21518
236,Levante UD,LaLiga,800000.0,14,10000000.0,14,9200000.0,2014/2015,21518
237,Córdoba CF,LaLiga,750000.0,25,0.0,22,-750000.0,2014/2015,21518
238,Rayo Vallecano,LaLiga,500000.0,22,650000.0,24,150000.0,2014/2015,21518
239,SD Eibar,LaLiga,162000.0,21,600000.0,20,438000.0,2014/2015,21518
240,UD Almería,LaLiga,0.0,16,3000000.0,17,3000000.0,2014/2015,21518
241,Getafe CF,LaLiga,0.0,10,8000000.0,12,8000000.0,2014/2015,21518
262,Real Madrid,LaLiga,175500000.0,10,113500000.0,10,-62000000.0,2013/2014,21518
263,FC Barcelona,LaLiga,101000000.0,9,28100000.0,7,-72900000.0,2013/2014,21518
264,Atlético de Madrid,LaLiga,36100000.0,21,70700000.0,18,34610000.0,2013/2014,21518
265,Sevilla FC,LaLiga,35300000.0,27,90980000.0,28,55680000.0,2013/2014,21518
266,Valencia CF,LaLiga,22470000.0,15,47100000.0,14,24630000.0,2013/2014,21518
267,Villarreal CF,LaLiga,17450000.0,14,10500000.0,17,-6950000.0,2013/2014,21518
268,Athletic Bilbao,LaLiga,15400000.0,12,0.0,11,-15400000.0,2013/2014,21518
269,Getafe CF,LaLiga,10000000.0,15,14500000.0,17,4500000.0,2013/2014,21518
270,Real Betis Balompié,LaLiga,7450000.0,23,10030000.0,20,2580000.0,2013/2014,21518
271,Real Sociedad,LaLiga,6500000.0,6,32000000.0,6,25500000.0,2013/2014,21518
272,Celta de Vigo,LaLiga,6400000.0,16,10800000.0,18,4400000.0,2013/2014,21518
273,Granada CF,LaLiga,5980000.0,34,6700000.0,38,721000.0,2013/2014,21518
274,Málaga CF,LaLiga,5230000.0,21,37650000.0,20,32420000.0,2013/2014,21518
275,CA Osasuna,LaLiga,3100000.0,12,4000000.0,15,900000.0,2013/2014,21518
276,Elche CF,LaLiga,2230000.0,16,0.0,17,-2230000.0,2013/2014,21518
277,Real Valladolid CF,LaLiga,1050000.0,10,1800000.0,9,750000.0,2013/2014,21518
278,RCD Espanyol Barcelona,LaLiga,750000.0,15,12900000.0,14,12150000.0,2013/2014,21518
279,Levante UD,LaLiga,300000.0,16,4620000.0,15,4320000.0,2013/2014,21518
280,Rayo Vallecano,LaLiga,0.0,21,7000000.0,16,7000000.0,2013/2014,21518
281,UD Almería,LaLiga,0.0,16,1000000.0,14,1000000.0,2013/2014,21518
282,Real Madrid,LaLiga,38500000.0,8,33500000.0,8,-5000000.0,2012/2013,21518
283,FC Barcelona,LaLiga,33000000.0,7,500000.0,5,-32500000.0,2012/2013,21518
284,Valencia CF,LaLiga,23200000.0,10,30000000.0,14,6800000.0,2012/2013,21518
285,Sevilla FC,LaLiga,14000000.0,15,12200000.0,15,-1800000.0,2012/2013,21518
286,Real Sociedad,LaLiga,14000000.0,8,500000.0,8,-13500000.0,2012/2013,21518
287,Granada CF,LaLiga,13070000.0,42,7250000.0,43,-5820000.0,2012/2013,21518
288,Getafe CF,LaLiga,5700000.0,15,5000000.0,15,-700000.0,2012/2013,21518
289,Celta de Vigo,LaLiga,5150000.0,13,0.0,10,-5150000.0,2012/2013,21518
290,Atlético de Madrid,LaLiga,4500000.0,14,21350000.0,16,16850000.0,2012/2013,21518
291,RCD Mallorca,LaLiga,3800000.0,16,6000000.0,13,2200000.0,2012/2013,21518
292,RCD Espanyol Barcelona,LaLiga,3350000.0,14,5700000.0,17,2350000.0,2012/2013,21518
293,Real Betis Balompié,LaLiga,2650000.0,15,0.0,15,-2650000.0,2012/2013,21518
294,Athletic Bilbao,LaLiga,2500000.0,10,40000000.0,11,37500000.0,2012/2013,21518
295,Real Zaragoza,LaLiga,1800000.0,24,1670000.0,19,-126000.0,2012/2013,21518
296,Deportivo de La Coruña,LaLiga,750000.0,14,0.0,12,-750000.0,2012/2013,21518
297,Levante UD,LaLiga,650000.0,21,7940000.0,20,7290000.0,2012/2013,21518
298,CA Osasuna,LaLiga,600000.0,18,5700000.0,16,5100000.0,2012/2013,21518
299,Real Valladolid CF,LaLiga,0.0,9,0.0,14,0.0,2012/2013,21518
300,Rayo Vallecano,LaLiga,0.0,20,2570000.0,20,2570000.0,2012/2013,21518
301,Málaga CF,LaLiga,0.0,14,41600000.0,18,41600000.0,2012/2013,21518
302,Real Madrid,LaLiga,93000000.0,7,10500000.0,6,-82500000.0,2010/2011,21518
303,FC Barcelona,LaLiga,72500000.0,9,52700000.0,9,-19800000.0,2010/2011,21518
304,Atlético de Madrid,LaLiga,34050000.0,10,23900000.0,12,-10150000.0,2010/2011,21518
305,Valencia CF,LaLiga,27850000.0,16,84350000.0,16,56500000.0,2010/2011,21518
306,Málaga CF,LaLiga,25040000.0,23,0.0,24,-25040000.0,2010/2011,21518
307,Sevilla FC,LaLiga,17100000.0,16,29600000.0,16,12500000.0,2010/2011,21518
308,RCD Espanyol Barcelona,LaLiga,11250000.0,16,24500000.0,21,13250000.0,2010/2011,21518
309,Hércules CF,LaLiga,6210000.0,11,400000.0,12,-5810000.0,2010/2011,21518
310,Real Zaragoza,LaLiga,4350000.0,16,2000000.0,19,-2350000.0,2010/2011,21518
311,Villarreal CF,LaLiga,4250000.0,18,15820000.0,14,11570000.0,2010/2011,21518
312,Real Sociedad,LaLiga,4200000.0,9,0.0,10,-4200000.0,2010/2011,21518
313,Getafe CF,LaLiga,3900000.0,10,22100000.0,10,18200000.0,2010/2011,21518
314,UD Almería,LaLiga,3200000.0,12,5000000.0,14,1800000.0,2010/2011,21518
315,CA Osasuna,LaLiga,2790000.0,11,10250000.0,11,7460000.0,2010/2011,21518
316,Athletic Bilbao,LaLiga,2720000.0,10,0.0,11,-2720000.0,2010/2011,21518
317,Racing Santander,LaLiga,1470000.0,15,10000000.0,16,8540000.0,2010/2011,21518
318,Deportivo de La Coruña,LaLiga,1050000.0,18,16399999.999999998,12,15350000.0,2010/2011,21518
319,Sporting Gijón,LaLiga,800000.0,8,0.0,10,-800000.0,2010/2011,21518
320,RCD Mallorca,LaLiga,0.0,18,6400000.0,19,6400000.0,2010/2011,21518
321,Levante UD,LaLiga,0.0,14,0.0,14,0.0,2010/2011,21518
322,Atlético de Madrid,LaLiga,85200000.0,21,85350000.0,20,150000.0,2011/2012,21518
323,FC Barcelona,LaLiga,60000000.0,12,46950000.0,12,-13050000.0,2011/2012,21518
324,Málaga CF,LaLiga,59250000.0,16,0.0,16,-59250000.0,2011/2012,21518
325,Real Madrid,LaLiga,56000000.0,6,8000000.0,7,-48000000.0,2011/2012,21518
326,Valencia CF,LaLiga,34000000.0,15,32900000.0,15,-1100000.0,2011/2012,21518
327,Villarreal CF,LaLiga,31300000.0,16,26850000.0,14,-4450000.0,2011/2012,21518
328,Sevilla FC,LaLiga,19000000.0,18,15700000.0,20,-3300000.0,2011/2012,21518
329,Granada CF,LaLiga,12190000.0,34,150000.0,32,-12040000.0,2011/2012,21518
330,Real Zaragoza,LaLiga,11500000.0,19,15800000.0,21,4300000.0,2011/2012,21518
331,Athletic Bilbao,LaLiga,7500000.0,6,0.0,7,-7500000.0,2011/2012,21518
332,RCD Espanyol Barcelona,LaLiga,6500000.0,20,25000000.0,18,18500000.0,2011/2012,21518
333,RCD Mallorca,LaLiga,3600000.0,12,9750000.0,12,6150000.0,2011/2012,21518
334,Real Betis Balompié,LaLiga,3440000.0,14,4500000.0,15,1070000.0,2011/2012,21518
335,Getafe CF,LaLiga,3300000.0,18,18580000.0,16,15280000.0,2011/2012,21518
336,CA Osasuna,LaLiga,2600000.0,15,8300000.000000001,15,5700000.0,2011/2012,21518
337,Levante UD,LaLiga,1550000.0,16,8000000.0,20,6450000.0,2011/2012,21518
338,Real Sociedad,LaLiga,1500000.0,8,0.0,10,-1500000.0,2011/2012,21518
339,Sporting Gijón,LaLiga,1500000.0,10,4500000.0,6,3000000.0,2011/2012,21518
340,Racing Santander,LaLiga,350000.0,13,2100000.0,15,1750000.0,2011/2012,21518
341,Rayo Vallecano,LaLiga,340000.0,16,1800000.0,18,1460000.0,2011/2012,21518
342,Olympique Lyon,Ligue 1,57800000.0,16,34000000.0,14,-23800000.0,2008/2009,4769
343,Olympique Marseille,Ligue 1,36120000.0,23,23650000.0,27,-12470000.0,2008/2009,4769
344,OGC Nice,Ligue 1,20250000.0,14,35900000.0,14,15650000.0,2008/2009,4769
345,LOSC Lille,Ligue 1,18500000.0,13,20300000.0,17,1800000.0,2008/2009,4769
346,Le Mans Union Club 72,Ligue 1,14300000.0,12,26400000.0,17,12100000.0,2008/2009,4769
347,Stade Rennais FC,Ligue 1,14000000.0,16,11950000.0,14,-2049999.9999999998,2008/2009,4769
348,Paris Saint-Germain,Ligue 1,10500000.0,15,21750000.0,16,11250000.0,2008/2009,4769
349,AS Nancy-Lorraine,Ligue 1,10500000.0,13,15400000.0,16,4900000.0,2008/2009,4769
350,FC Toulouse,Ligue 1,9800000.0,17,22700000.0,20,12900000.0,2008/2009,4769
351,AS Saint-Étienne,Ligue 1,9500000.0,18,11000000.0,13,1500000.0,2008/2009,4769
352,FC Nantes,Ligue 1,8600000.0,18,6600000.0,20,-2000000.0,2008/2009,4769
353,AJ Auxerre,Ligue 1,8400000.0,13,3400000.0,11,-5000000.0,2008/2009,4769
354,FC Girondins Bordeaux,Ligue 1,7900000.0,11,2500000.0,14,-5400000.0,2008/2009,4769
355,Valenciennes FC,Ligue 1,7800000.0,12,10200000.0,14,2400000.0,2008/2009,4769
356,SM Caen,Ligue 1,7640000.0,13,7820000.0,12,175000.0,2008/2009,4769
357,FC Sochaux-Montbéliard,Ligue 1,6550000.0,17,5800000.0,19,-750000.0,2008/2009,4769
358,AS Monaco,Ligue 1,5200000.0,24,22650000.0,20,17450000.0,2008/2009,4769
359,FC Lorient,Ligue 1,3000000.0,15,0.0,14,-3000000.0,2008/2009,4769
360,Grenoble Foot 38,Ligue 1,1480000.0,15,350000.0,8,-1130000.0,2008/2009,4769
361,Le Havre AC,Ligue 1,400000.0,19,3000000.0,18,2600000.0,2008/2009,4769
362,Olympique Lyon,Ligue 1,82700000.0,15,53000000.0,11,-29700000.0,2009/2010,4769
363,Olympique Marseille,Ligue 1,42300000.0,25,27800000.0,23,-14500000.0,2009/2010,4769
364,FC Girondins Bordeaux,Ligue 1,28500000.0,15,11000000.0,12,-17500000.0,2009/2010,4769
365,AS Saint-Étienne,Ligue 1,19500000.0,13,14400000.0,13,-5100000.0,2009/2010,4769
366,Paris Saint-Germain,Ligue 1,15500000.0,15,6300000.0,17,-9200000.0,2009/2010,4769
367,Stade Rennais FC,Ligue 1,14600000.0,18,13800000.0,21,-798000.0,2009/2010,4769
368,AS Monaco,Ligue 1,9900000.0,19,6080000.0,20,-3830000.0,2009/2010,4769
369,LOSC Lille,Ligue 1,8600000.0,14,18750000.0,17,10150000.0,2009/2010,4769
370,FC Sochaux-Montbéliard,Ligue 1,7500000.0,17,10200000.0,17,2700000.0,2009/2010,4769
371,FC Lorient,Ligue 1,7000000.0,17,9500000.0,19,2500000.0,2009/2010,4769
372,FC Toulouse,Ligue 1,6000000.0,12,12450000.0,11,6450000.0,2009/2010,4769
373,AS Nancy-Lorraine,Ligue 1,5700000.0,15,5600000.0,12,-100000.0,2009/2010,4769
374,Valenciennes FC,Ligue 1,5450000.0,13,500000.0,9,-4950000.0,2009/2010,4769
375,RC Lens,Ligue 1,4950000.0,12,3000000.0,14,-1950000.0,2009/2010,4769
376,Grenoble Foot 38,Ligue 1,3600000.0,13,0.0,16,-3600000.0,2009/2010,4769
377,OGC Nice,Ligue 1,3500000.0,12,1450000.0,11,-2049999.9999999998,2009/2010,4769
378,Le Mans Union Club 72,Ligue 1,2630000.0,18,10500000.0,12,7870000.0,2009/2010,4769
379,US Boulogne,Ligue 1,2040000.0,18,2150000.0,12,115000.0,2009/2010,4769
380,AJ Auxerre,Ligue 1,1500000.0,13,4700000.0,14,3200000.0,2009/2010,4769
381,Montpellier HSC,Ligue 1,0.0,10,0.0,8,0.0,2009/2010,4769
382,Paris Saint-Germain,Ligue 1,116100000.0,9,22900000.0,11,-93200000.0,2015/2016,4769
383,AS Monaco,Ligue 1,101000000.0,30,175400000.0,29,74400000.0,2015/2016,4769
384,Olympique Lyon,Ligue 1,41100000.0,11,26800000.0,13,-14300000.0,2015/2016,4769
385,AS Saint-Étienne,Ligue 1,20300000.0,16,23200000.0,13,2900000.0,2015/2016,4769
386,Olympique Marseille,Ligue 1,19750000.0,23,54450000.0,18,34700000.0,2015/2016,4769
387,LOSC Lille,Ligue 1,12900000.0,23,35250000.0,18,22350000.0,2015/2016,4769
388,FC Girondins Bordeaux,Ligue 1,11000000.0,13,22300000.0,12,11300000.0,2015/2016,4769
389,FC Lorient,Ligue 1,9930000.0,13,18500000.0,14,8580000.0,2015/2016,4769
390,FC Nantes,Ligue 1,7000000.0,14,17550000.0,14,10550000.0,2015/2016,4769
391,SM Caen,Ligue 1,6050000.0,21,14000000.0,16,7950000.0,2015/2016,4769
392,Stade Rennais FC,Ligue 1,5640000.0,18,10600000.0,19,4960000.0,2015/2016,4769
393,OGC Nice,Ligue 1,4099999.9999999995,22,14000000.0,20,9900000.0,2015/2016,4769
394,FC Toulouse,Ligue 1,2900000.0,10,10500000.0,13,7600000.0,2015/2016,4769
395,Montpellier HSC,Ligue 1,2730000.0,11,4000000.0,8,1280000.0,2015/2016,4769
396,Stade Reims,Ligue 1,2400000.0,13,1500000.0,10,-900000.0,2015/2016,4769
397,EA Guingamp,Ligue 1,1950000.0,15,6000000.0,13,4050000.0,2015/2016,4769
398,ESTAC Troyes,Ligue 1,300000.0,17,7300000.0,17,7000000.0,2015/2016,4769
399,SC Bastia,Ligue 1,0.0,13,1700000.0,17,1700000.0,2015/2016,4769
400,Angers SCO,Ligue 1,0.0,23,5900000.0,21,5900000.0,2015/2016,4769
401,GFC Ajaccio,Ligue 1,0.0,9,0.0,10,0.0,2015/2016,4769
402,Paris Saint-Germain,Ligue 1,49500000.0,9,2200000.0,8,-47300000.0,2014/2015,4769
403,AS Monaco,Ligue 1,39750000.0,26,89400000.0,28,49650000.0,2014/2015,4769
404,Olympique Marseille,Ligue 1,20500000.0,16,17500000.0,16,-3000000.0,2014/2015,4769
405,Stade Rennais FC,Ligue 1,15140000.0,23,20500000.0,21,5370000.0,2014/2015,4769
406,FC Lorient,Ligue 1,8450000.0,18,19200000.0,20,10750000.0,2014/2015,4769
407,LOSC Lille,Ligue 1,7800000.0,13,19730000.0,11,11930000.0,2014/2015,4769
408,FC Girondins Bordeaux,Ligue 1,7700000.0,18,4500000.0,14,-3200000.0,2014/2015,4769
409,Olympique Lyon,Ligue 1,5650000.0,7,1500000.0,9,-4150000.0000000005,2014/2015,4769
410,FC Metz,Ligue 1,4000000.0,19,7650000.0,18,3650000.0,2014/2015,4769
411,AS Saint-Étienne,Ligue 1,4000000.0,9,0.0,11,-4000000.0,2014/2015,4769
412,Montpellier HSC,Ligue 1,4000000.0,12,15900000.0,13,11900000.0,2014/2015,4769
413,FC Toulouse,Ligue 1,3000000.0,11,13700000.0,9,10700000.0,2014/2015,4769
414,EA Guingamp,Ligue 1,2560000.0,12,2500000.0,11,-60000.0,2014/2015,4769
415,FC Évian Thonon Gaillard,Ligue 1,2250000.0,17,3000000.0,15,750000.0,2014/2015,4769
416,OGC Nice,Ligue 1,1300000.0,11,7400000.0,15,6100000.0,2014/2015,4769
417,SM Caen,Ligue 1,800000.0,13,0.0,12,-800000.0,2014/2015,4769
418,FC Nantes,Ligue 1,420000.0,10,0.0,11,-420000.0,2014/2015,4769
419,SC Bastia,Ligue 1,100000.0,28,2000000.0,20,1900000.0,2014/2015,4769
420,RC Lens,Ligue 1,0.0,6,3000000.0,10,3000000.0,2014/2015,4769
421,Stade Reims,Ligue 1,0.0,10,5500000.0,11,5500000.0,2014/2015,4769
442,AS Monaco,Ligue 1,160700000.0,26,5740000.0,28,-154960000.0,2013/2014,4769
443,Paris Saint-Germain,Ligue 1,135900000.0,18,26500000.0,18,-109400000.0,2013/2014,4769
444,Olympique Marseille,Ligue 1,39400000.0,13,1050000.0,15,-38350000.0,2013/2014,4769
445,AS Saint-Étienne,Ligue 1,16600000.000000002,18,42950000.0,17,26350000.0,2013/2014,4769
446,Stade Rennais FC,Ligue 1,15050000.0,21,16600000.000000002,22,1550000.0,2013/2014,4769
447,FC Toulouse,Ligue 1,13550000.0,15,20700000.0,11,7150000.0,2013/2014,4769
448,Olympique Lyon,Ligue 1,4000000.0,14,24500000.0,8,20500000.0,2013/2014,4769
449,FC Girondins Bordeaux,Ligue 1,3500000.0,10,11000000.0,11,7500000.0,2013/2014,4769
450,FC Nantes,Ligue 1,3350000.0,11,500000.0,9,-2850000.0,2013/2014,4769
451,FC Sochaux-Montbéliard,Ligue 1,3150000.0,15,2500000.0,15,-650000.0,2013/2014,4769
452,Stade Reims,Ligue 1,3130000.0,11,0.0,8,-3130000.0,2013/2014,4769
453,FC Lorient,Ligue 1,3000000.0,13,12090000.0,14,9090000.0,2013/2014,4769
454,LOSC Lille,Ligue 1,2950000.0,15,42000000.0,13,39050000.0,2013/2014,4769
455,FC Évian Thonon Gaillard,Ligue 1,2600000.0,15,8500000.0,18,5900000.0,2013/2014,4769
456,Montpellier HSC,Ligue 1,2500000.0,11,14500000.0,14,12000000.0,2013/2014,4769
457,SC Bastia,Ligue 1,1800000.0,16,2200000.0,22,400000.0,2013/2014,4769
458,Valenciennes FC,Ligue 1,1390000.0,11,6000000.0,11,4610000.0,2013/2014,4769
459,EA Guingamp,Ligue 1,1200000.0,10,7500000.0,11,6300000.0,2013/2014,4769
460,OGC Nice,Ligue 1,0.0,11,0.0,9,0.0,2013/2014,4769
461,AC Ajaccio,Ligue 1,0.0,16,0.0,23,0.0,2013/2014,4769
462,Paris Saint-Germain,Ligue 1,151000000.0,11,4750000.0,15,-146250000.0,2012/2013,4769
463,LOSC Lille,Ligue 1,22500000.0,13,41200000.0,17,18700000.0,2012/2013,4769
464,Montpellier HSC,Ligue 1,12500000.0,11,20000000.0,6,7500000.0,2012/2013,4769
465,FC Lorient,Ligue 1,10000000.0,13,5000000.0,13,-5000000.0,2012/2013,4769
466,Olympique Lyon,Ligue 1,8750000.0,14,29100000.0,19,20350000.0,2012/2013,4769
467,Olympique Marseille,Ligue 1,8700000.0,14,29800000.0,15,21100000.0,2012/2013,4769
468,Stade Rennais FC,Ligue 1,8700000.0,15,27500000.0,15,18800000.0,2012/2013,4769
469,FC Sochaux-Montbéliard,Ligue 1,7750000.0,14,16860000.0,10,9110000.0,2012/2013,4769
470,OGC Nice,Ligue 1,6000000.0,19,8700000.0,17,2700000.0,2012/2013,4769
471,AS Nancy-Lorraine,Ligue 1,4700000.0,24,6500000.0,22,1800000.0,2012/2013,4769
472,AS Saint-Étienne,Ligue 1,4500000.0,17,4600000.0,16,100000.0,2012/2013,4769
473,Stade Reims,Ligue 1,3350000.0,12,0.0,18,-3350000.0,2012/2013,4769
474,Valenciennes FC,Ligue 1,3100000.0,11,4000000.0,8,900000.0,2012/2013,4769
475,FC Girondins Bordeaux,Ligue 1,2800000.0,7,5500000.0,8,2700000.0,2012/2013,4769
476,Stade Brestois 29,Ligue 1,2450000.0,13,1500000.0,14,-950000.0,2012/2013,4769
477,FC Évian Thonon Gaillard,Ligue 1,1600000.0,9,0.0,11,-1600000.0,2012/2013,4769
478,FC Toulouse,Ligue 1,1000000.0,10,14100000.0,11,13100000.0,2012/2013,4769
479,ESTAC Troyes,Ligue 1,500000.0,12,4450000.0,15,3950000.0,2012/2013,4769
480,SC Bastia,Ligue 1,0.0,16,7500000.0,11,7500000.0,2012/2013,4769
481,AC Ajaccio,Ligue 1,0.0,13,1000000.0,12,1000000.0,2012/2013,4769
482,Olympique Marseille,Ligue 1,41500000.0,16,22600000.0,17,-18900000.0,2010/2011,4769
483,Olympique Lyon,Ligue 1,28440000.0,7,10820000.0,11,-17630000.0,2010/2011,4769
484,Stade Rennais FC,Ligue 1,22200000.0,20,34130000.0,17,11930000.0,2010/2011,4769
485,FC Girondins Bordeaux,Ligue 1,10500000.0,15,22000000.0,15,11500000.0,2010/2011,4769
486,AS Monaco,Ligue 1,9750000.0,28,14100000.0,27,4350000.0,2010/2011,4769
487,Paris Saint-Germain,Ligue 1,9000000.0,11,7000000.0,11,-2000000.0,2010/2011,4769
488,FC Lorient,Ligue 1,6000000.0,16,12800000.0,12,6800000.0,2010/2011,4769
489,Montpellier HSC,Ligue 1,4300000.0,12,14000000.0,13,9700000.0,2010/2011,4769
490,SM Caen,Ligue 1,4200000.0,10,0.0,9,-4200000.0,2010/2011,4769
491,AS Saint-Étienne,Ligue 1,3930000.0,14,5250000.0,16,1330000.0,2010/2011,4769
492,Stade Brestois 29,Ligue 1,3800000.0,12,0.0,13,-3800000.0,2010/2011,4769
493,AJ Auxerre,Ligue 1,3500000.0,12,2430000.0,11,-1070000.0,2010/2011,4769
494,FC Sochaux-Montbéliard,Ligue 1,3300000.0,10,2500000.0,10,-800000.0,2010/2011,4769
495,Valenciennes FC,Ligue 1,1800000.0,10,8500000.0,11,6700000.0,2010/2011,4769
496,OGC Nice,Ligue 1,1700000.0,11,23000000.0,14,21300000.0,2010/2011,4769
497,FC Toulouse,Ligue 1,0.0,9,16649999.999999998,10,16649999.999999998,2010/2011,4769
498,RC Lens,Ligue 1,0.0,13,8320000.0,10,8320000.0,2010/2011,4769
499,LOSC Lille,Ligue 1,0.0,8,2300000.0,8,2300000.0,2010/2011,4769
500,AS Nancy-Lorraine,Ligue 1,0.0,15,8050000.000000001,16,8050000.000000001,2010/2011,4769
501,AC Arles-Avignon,Ligue 1,0.0,23,500000.0,26,500000.0,2010/2011,4769
502,Paris Saint-Germain,Ligue 1,107100000.0,19,9400000.0,14,-97700000.0,2011/2012,4769
503,LOSC Lille,Ligue 1,23400000.0,19,36900000.0,18,13500000.0,2011/2012,4769
504,Stade Rennais FC,Ligue 1,16800000.0,10,5500000.0,13,-11300000.0,2011/2012,4769
505,AS Saint-Étienne,Ligue 1,16100000.000000002,21,28860000.0,22,12760000.0,2011/2012,4769
506,FC Toulouse,Ligue 1,13340000.0,11,4800000.0,12,-8540000.0,2011/2012,4769
507,FC Lorient,Ligue 1,11100000.0,21,16000000.0,21,4900000.0,2011/2012,4769
508,Olympique Marseille,Ligue 1,11000000.0,15,0.0,17,-11000000.0,2011/2012,4769
509,OGC Nice,Ligue 1,8350000.0,19,600000.0,18,-7750000.0,2011/2012,4769
510,Dijon FCO,Ligue 1,5850000.0,21,0.0,17,-5850000.0,2011/2012,4769
511,AS Nancy-Lorraine,Ligue 1,5350000.0,16,9600000.0,20,4250000.0,2011/2012,4769
512,FC Sochaux-Montbéliard,Ligue 1,5250000.0,12,11500000.0,12,6250000.0,2011/2012,4769
513,Olympique Lyon,Ligue 1,4600000.0,11,22000000.0,8,17400000.0,2011/2012,4769
514,Valenciennes FC,Ligue 1,4099999.9999999995,7,4200000.0,9,100000.0,2011/2012,4769
515,FC Girondins Bordeaux,Ligue 1,4000000.0,16,12500000.0,15,8500000.0,2011/2012,4769
516,AJ Auxerre,Ligue 1,3750000.0,20,3500000.0,15,-250000.0,2011/2012,4769
517,Stade Brestois 29,Ligue 1,2500000.0,15,8000000.0,10,5500000.0,2011/2012,4769
518,Montpellier HSC,Ligue 1,2000000.0,9,2000000.0,12,0.0,2011/2012,4769
519,FC Évian Thonon Gaillard,Ligue 1,1850000.0,17,0.0,13,-1850000.0,2011/2012,4769
520,SM Caen,Ligue 1,300000.0,12,9000000.0,12,8700000.0,2011/2012,4769
521,AC Ajaccio,Ligue 1,200000.0,13,0.0,8,-200000.0,2011/2012,4769
522,Manchester City,Premier League,157350000.0,26,26500000.0,18,-130850000.0,2008/2009,1729
523,Tottenham Hotspur,Premier League,143950000.0,34,88050000.0,35,-55900000.0,2008/2009,1729
524,Liverpool FC,Premier League,73450000.0,29,46450000.0,29,-27000000.0,2008/2009,1729
525,Aston Villa,Premier League,55900000.0,19,7520000.0,15,-48380000.0,2008/2009,1729
526,Manchester United,Premier League,45250000.0,16,7450000.0,17,-37800000.0,2008/2009,1729
527,Arsenal FC,Premier League,40150000.0,15,25800000.0,11,-14350000.0,2008/2009,1729
528,Newcastle United,Premier League,35480000.0,22,41400000.0,15,5930000.0,2008/2009,1729
529,Stoke City,Premier League,33950000.0,24,765000.0,19,-33189999.999999996,2008/2009,1729
530,Sunderland AFC,Premier League,33110000.0,34,11150000.0,34,-21960000.0,2008/2009,1729
531,Chelsea FC,Premier League,30500000.0,15,44550000.0,17,14050000.0,2008/2009,1729
532,Portsmouth FC,Premier League,28200000.0,29,54150000.0,24,25950000.0,2008/2009,1729
533,Fulham FC,Premier League,26850000.0,29,16329999.999999998,39,-10530000.0,2008/2009,1729
534,Everton FC,Premier League,25080000.0,14,13300000.0,10,-11780000.0,2008/2009,1729
535,West Bromwich Albion,Premier League,24320000.0,21,10250000.0,20,-14070000.0,2008/2009,1729
536,Wigan Athletic,Premier League,24100000.0,22,24500000.0,26,400000.0,2008/2009,1729
537,Bolton Wanderers,Premier League,23700000.0,15,10880000.0,16,-12830000.0,2008/2009,1729
538,Hull City,Premier League,17950000.0,26,0.0,18,-17950000.0,2008/2009,1729
539,West Ham United,Premier League,16000000.0,27,68830000.0,25,52830000.0,2008/2009,1729
540,Middlesbrough FC,Premier League,12800000.0,18,8720000.0,18,-4080000.0,2008/2009,1729
541,Blackburn Rovers,Premier League,11680000.0,25,26500000.0,26,14820000.0,2008/2009,1729
542,Manchester City,Premier League,147300000.0,22,29200000.0,28,-118100000.0,2009/2010,1729
543,Aston Villa,Premier League,46900000.0,21,22100000.0,16,-24800000.0,2009/2010,1729
544,Liverpool FC,Premier League,43500000.0,21,48550000.0,26,5050000.0,2009/2010,1729
545,Tottenham Hotspur,Premier League,40300000.0,32,31700000.0,31,-8600000.0,2009/2010,1729
546,Sunderland AFC,Premier League,37000000.0,24,21280000.0,29,-15730000.0,2009/2010,1729
547,Chelsea FC,Premier League,30000000.0,16,3800000.0,12,-26200000.0,2009/2010,1729
548,Manchester United,Premier League,27300000.0,17,104470000.0,17,77170000.0,2009/2010,1729
549,Stoke City,Premier League,26050000.0,23,6500000.0,23,-19550000.0,2009/2010,1729
550,Everton FC,Premier League,23300000.0,15,28340000.0,15,5040000.0,2009/2010,1729
551,West Ham United,Premier League,21650000.0,22,41300000.0,26,19650000.0,2009/2010,1729
552,Birmingham City,Premier League,20050000.0,26,400000.0,27,-19650000.0,2009/2010,1729
553,Wolverhampton Wanderers,Premier League,19450000.0,33,870000.0,27,-18580000.0,2009/2010,1729
554,Wigan Athletic,Premier League,18440000.0,18,25980000.0,18,7550000.0,2009/2010,1729
555,Hull City,Premier League,14850000.0,21,7100000.0,26,-7750000.0,2009/2010,1729
556,Burnley FC,Premier League,13540000.0,33,90000.0,19,-13450000.0,2009/2010,1729
557,Blackburn Rovers,Premier League,13280000.0,39,36650000.0,35,23370000.0,2009/2010,1729
558,Arsenal FC,Premier League,12000000.0,13,47700000.0,13,35700000.0,2009/2010,1729
559,Bolton Wanderers,Premier League,12000000.0,25,2000000.0,15,-10000000.0,2009/2010,1729
560,Portsmouth FC,Premier League,10560000.0,32,52050000.0,35,41490000.0,2009/2010,1729
561,Fulham FC,Premier League,7110000.0,27,0.0,24,-7110000.0,2009/2010,1729
562,Manchester City,Premier League,208470000.0,22,67440000.0,25,-141030000.0,2015/2016,1729
563,Manchester United,Premier League,156000000.0,21,100670000.0,20,-55330000.0,2015/2016,1729
564,Liverpool FC,Premier League,126500000.0,24,90550000.0,24,-35950000.0,2015/2016,1729
565,Newcastle United,Premier League,107910000.0,26,5430000.0,23,-102480000.0,2015/2016,1729
566,Chelsea FC,Premier League,96500000.0,39,87490000.0,37,-9010000.0,2015/2016,1729
567,Watford FC,Premier League,82800000.0,33,9750000.0,30,-73050000.0,2015/2016,1729
568,Tottenham Hotspur,Premier League,71000000.0,11,87250000.0,21,16250000.0,2015/2016,1729
569,Aston Villa,Premier League,66550000.0,29,64700000.0,32,-1850000.0,2015/2016,1729
570,Sunderland AFC,Premier League,66050000.0,29,11000000.0,25,-55050000.0,2015/2016,1729
571,Southampton FC,Premier League,60100000.0,16,52700000.0,17,-7400000.0,2015/2016,1729
572,AFC Bournemouth,Premier League,55110000.0,36,650000.0,33,-54460000.0,2015/2016,1729
573,Stoke City,Premier League,53650000.0,13,23200000.0,14,-30450000.0,2015/2016,1729
574,West Ham United,Premier League,52700000.0,25,18520000.0,26,-34190000.0,2015/2016,1729
575,Norwich City,Premier League,50500000.0,33,21490000.0,30,-29010000.0,2015/2016,1729
576,Leicester City,Premier League,49900000.0,25,9450000.0,32,-40450000.0,2015/2016,1729
577,Everton FC,Premier League,48200000.0,18,11000000.0,17,-37200000.0,2015/2016,1729
578,West Bromwich Albion,Premier League,42900000.0,12,12920000.0,13,-29980000.0,2015/2016,1729
579,Crystal Palace,Premier League,28800000.0,19,5400000.0,23,-23400000.0,2015/2016,1729
580,Arsenal FC,Premier League,26500000.0,15,2500000.0,12,-24000000.0,2015/2016,1729
581,Swansea City,Premier League,21810000.0,20,16810000.0,24,-5010000.0,2015/2016,1729
582,Manchester United,Premier League,195350000.0,25,46700000.0,26,-148650000.0,2014/2015,1729
583,Liverpool FC,Premier League,151430000.0,25,99270000.0,21,-52160000.0,2014/2015,1729
584,Chelsea FC,Premier League,137700000.0,42,142810000.0,48,5110000.0,2014/2015,1729
585,Arsenal FC,Premier League,118980000.0,18,27800000.0,22,-91180000.0,2014/2015,1729
586,Manchester City,Premier League,102800000.0,14,30300000.0,16,-72500000.0,2014/2015,1729
587,Southampton FC,Premier League,96000000.0,25,123830000.0,21,27830000.0,2014/2015,1729
588,Tottenham Hotspur,Premier League,48480000.0,20,44150000.0,24,-4330000.0,2014/2015,1729
589,Hull City,Premier League,48220000.0,30,18700000.0,28,-29520000.0,2014/2015,1729
590,Newcastle United,Premier League,45020000.0,23,23870000.0,25,-21150000.0,2014/2015,1729
591,Queens Park Rangers,Premier League,43540000.0,35,26040000.0,35,-17500000.0,2014/2015,1729
592,Swansea City,Premier League,41530000.0,24,61900000.0,27,20370000.0,2014/2015,1729
593,Everton FC,Premier League,40160000.0,18,1900000.0,15,-38260000.0,2014/2015,1729
594,West Ham United,Premier League,35150000.0,25,4400000.0,26,-30750000.0,2014/2015,1729
595,Crystal Palace,Premier League,31220000.0,41,2870000.0,39,-28350000.0,2014/2015,1729
596,West Bromwich Albion,Premier League,24880000.0,16,2300000.0,20,-22580000.0,2014/2015,1729
597,Leicester City,Premier League,22860000.0,31,0.0,24,-22860000.0,2014/2015,1729
598,Sunderland AFC,Premier League,22520000.0,21,7250000.0,31,-15270000.0,2014/2015,1729
599,Aston Villa,Premier League,13450000.0,29,1320000.0,32,-12140000.0,2014/2015,1729
600,Burnley FC,Premier League,12620000.0,24,0.0,23,-12620000.0,2014/2015,1729
601,Stoke City,Premier League,1800000.0,18,3800000.0,19,2000000.0,2014/2015,1729
622,Chelsea FC,Premier League,130350000.0,38,77930000.0,36,-52420000.0,2013/2014,1729
623,Tottenham Hotspur,Premier League,122550000.0,30,138400000.0,28,15850000.0,2013/2014,1729
624,Manchester City,Premier League,115500000.0,16,11300000.0,18,-104200000.0,2013/2014,1729
625,Manchester United,Premier League,77130000.0,18,1800000.0,20,-75330000.0,2013/2014,1729
626,Liverpool FC,Premier League,58100000.0,18,32500000.0,23,-25600000.0,2013/2014,1729
627,Arsenal FC,Premier League,49250000.0,21,12150000.0,22,-37100000.0,2013/2014,1729
628,Cardiff City,Premier League,45820000.0,32,3740000.0,29,-42080000.0,2013/2014,1729
629,Southampton FC,Premier League,39600000.0,15,4200000.0,23,-35400000.0,2013/2014,1729
630,Sunderland AFC,Premier League,33910000.0,36,22380000.0,33,-11530000.0,2013/2014,1729
631,Crystal Palace,Premier League,33000000.0,42,0.0,32,-33000000.0,2013/2014,1729
632,Everton FC,Premier League,31800000.0,19,46100000.0,19,14300000.0,2013/2014,1729
633,Hull City,Premier League,31100000.0,32,880000.0,32,-30220000.0,2013/2014,1729
634,Norwich City,Premier League,30050000.0,21,4840000.0,21,-25220000.0,2013/2014,1729
635,Fulham FC,Premier League,29300000.0,33,4150000.0000000005,29,-25150000.0,2013/2014,1729
636,Swansea City,Premier League,26610000.0,24,0.0,17,-26610000.0,2013/2014,1729
637,West Ham United,Premier League,24000000.0,24,530000.0,19,-23470000.0,2013/2014,1729
638,Aston Villa,Premier League,19840000.0,33,8100000.0,29,-11740000.0,2013/2014,1729
639,West Bromwich Albion,Premier League,15700000.0,16,11400000.0,16,-4300000.0,2013/2014,1729
640,Stoke City,Premier League,7000000.0,20,0.0,20,-7000000.0,2013/2014,1729
641,Newcastle United,Premier League,3800000.0,14,25870000.0,17,22070000.0,2013/2014,1729
642,Chelsea FC,Premier League,109700000.0,29,25450000.0,28,-84250000.0,2012/2013,1729
643,Manchester United,Premier League,76450000.0,18,9650000.0,15,-66800000.0,2012/2013,1729
644,Tottenham Hotspur,Premier League,73250000.0,29,72780000.0,34,-470000.0,2012/2013,1729
645,Liverpool FC,Premier League,70600000.0,19,10450000.0,18,-60150000.0,2012/2013,1729
646,Manchester City,Premier League,61950000.0,24,44300000.0,26,-17650000.0,2012/2013,1729
647,Arsenal FC,Premier League,56000000.0,16,65849999.99999999,18,9850000.0,2012/2013,1729
648,Queens Park Rangers,Premier League,50350000.0,38,4510000.0,46,-45840000.0,2012/2013,1729
649,Southampton FC,Premier League,41500000.0,29,0.0,25,-41500000.0,2012/2013,1729
650,Sunderland AFC,Premier League,38300000.0,26,14830000.0,30,-23480000.0,2012/2013,1729
651,Newcastle United,Premier League,31970000.0,21,14800000.0,19,-17170000.0,2012/2013,1729
652,Aston Villa,Premier League,27830000.0,18,3200000.0,12,-24630000.0,2012/2013,1729
653,West Ham United,Premier League,23900000.0,24,5050000.0,28,-18850000.0,2012/2013,1729
654,Stoke City,Premier League,23680000.0,23,640000.0,24,-23040000.0,2012/2013,1729
655,Everton FC,Premier League,21650000.0,11,18750000.0,13,-2900000.0,2012/2013,1729
656,Swansea City,Premier League,20470000.0,20,32600000.0,22,12130000.0,2012/2013,1729
657,Norwich City,Premier League,11080000.0,28,380000.0,24,-10700000.0,2012/2013,1729
658,Reading FC,Premier League,10820000.0,32,900000.0,27,-9920000.0,2012/2013,1729
659,Wigan Athletic,Premier League,10540000.0,21,13250000.0,23,2720000.0,2012/2013,1729
660,Fulham FC,Premier League,10000000.0,26,31420000.0,28,21420000.0,2012/2013,1729
661,West Bromwich Albion,Premier League,5000000.0,16,3730000.0,18,-1280000.0,2012/2013,1729
662,Manchester City,Premier League,183610000.0,33,40150000.0,26,-143460000.0,2010/2011,1729
663,Chelsea FC,Premier League,121500000.0,19,16500000.0,21,-105000000.0,2010/2011,1729
664,Liverpool FC,Premier League,97730000.0,21,103000000.0,24,5280000.0,2010/2011,1729
665,Aston Villa,Premier League,37400000.0,20,28400000.0,20,-9000000.0,2010/2011,1729
666,Manchester United,Premier League,29300000.0,16,16970000.0,18,-12340000.0,2010/2011,1729
667,Sunderland AFC,Premier League,29100000.0,31,41780000.0,31,12680000.0,2010/2011,1729
668,Tottenham Hotspur,Premier League,26600000.0,39,2940000.0,33,-23670000.0,2010/2011,1729
669,Birmingham City,Premier League,25600000.0,24,175000.0,21,-25430000.0,2010/2011,1729
670,Arsenal FC,Premier League,23000000.0,18,8100000.0,22,-14900000.0,2010/2011,1729
671,Stoke City,Premier League,21100000.0,24,6780000.0,23,-14330000.0,2010/2011,1729
672,Wolverhampton Wanderers,Premier League,20220000.0,28,6440000.0,25,-13780000.0,2010/2011,1729
673,West Ham United,Premier League,18030000.0,18,4950000.0,18,-13080000.0,2010/2011,1729
674,Newcastle United,Premier League,13980000.0,18,41750000.0,16,27770000.0,2010/2011,1729
675,West Bromwich Albion,Premier League,13830000.0,28,850000.0,25,-12980000.0,2010/2011,1729
676,Wigan Athletic,Premier League,11400000.0,23,3400000.0,21,-8000000.0,2010/2011,1729
677,Fulham FC,Premier League,11050000.0,16,12810000.0,22,1760000.0,2010/2011,1729
678,Blackpool FC,Premier League,5730000.0,27,700000.0,23,-5030000.0,2010/2011,1729
679,Bolton Wanderers,Premier League,5400000.0,17,1400000.0,19,-4000000.0,2010/2011,1729
680,Blackburn Rovers,Premier League,5050000.0,30,275000.0,30,-4780000.0,2010/2011,1729
681,Everton FC,Premier League,1700000.0,12,6600000.0,14,4900000.0,2010/2011,1729
682,Chelsea FC,Premier League,96450000.0,22,31560000.0,22,-64890000.0,2011/2012,1729
683,Manchester City,Premier League,91050000.0,29,31200000.0,35,-59850000.0,2011/2012,1729
684,Liverpool FC,Premier League,69330000.0,21,22000000.0,18,-47330000.0,2011/2012,1729
685,Arsenal FC,Premier League,65480000.00000001,33,78290000.0,26,12820000.0,2011/2012,1729
686,Manchester United,Premier League,62300000.0,15,12900000.0,18,-49410000.0,2011/2012,1729
687,Sunderland AFC,Premier League,27920000.0,35,26330000.0,32,-1600000.0,2011/2012,1729
688,Newcastle United,Premier League,27000000.0,27,16040000.0,26,-10960000.0,2011/2012,1729
689,Queens Park Rangers,Premier League,26230000.0,46,2800000.0,41,-23430000.0,2011/2012,1729
690,Stoke City,Premier League,24800000.0,26,1990000.0,26,-22820000.0,2011/2012,1729
691,Blackburn Rovers,Premier League,20550000.0,25,40300000.0,28,19750000.0,2011/2012,1729
692,Aston Villa,Premier League,20340000.0,20,43750000.0,25,23410000.0,2011/2012,1729
693,Fulham FC,Premier League,18130000.0,21,7670000.0,17,-10460000.0,2011/2012,1729
694,Bolton Wanderers,Premier League,15600000.0,24,16329999.999999998,21,730000.0,2011/2012,1729
695,Norwich City,Premier League,15250000.0,19,500000.0,18,-14750000.0,2011/2012,1729
696,Swansea City,Premier League,12850000.0,23,455000.0,20,-12400000.0,2011/2012,1729
697,Wigan Athletic,Premier League,12380000.0,23,11290000.0,15,-1090000.0,2011/2012,1729
698,Wolverhampton Wanderers,Premier League,12050000.0,29,2600000.0,32,-9450000.0,2011/2012,1729
699,West Bromwich Albion,Premier League,9140000.0,25,11120000.0,26,1980000.0,2011/2012,1729
700,Tottenham Hotspur,Premier League,9000000.0,36,43250000.0,36,34250000.0,2011/2012,1729
701,Everton FC,Premier League,7200000.0,19,26800000.0,15,19600000.0,2011/2012,1729
702,FC Porto,Liga Portugal,46650000.0,43,55000000.0,47,8350000.0,2008/2009,17642
703,SL Benfica,Liga Portugal,26010000.0,32,7600000.0,31,-18410000.0,2008/2009,17642
704,Sporting CP,Liga Portugal,9650000.0,27,0.0,28,-9650000.0,2008/2009,17642
705,SC Braga,Liga Portugal,2029999.9999999998,32,0.0,30,-2029999.9999999998,2008/2009,17642
706,Vitória Guimarães SC,Liga Portugal,725000.0,15,5550000.0,16,4830000.0,2008/2009,17642
707,CD Nacional,Liga Portugal,680000.0,22,2000000.0,18,1320000.0,2008/2009,17642
708,Académica Coimbra,Liga Portugal,620000.0,19,2230000.0,19,1610000.0,2008/2009,17642
709,CF Os Belenenses,Liga Portugal,554000.0,36,2350000.0,33,1800000.0,2008/2009,17642
710,Leixões SC,Liga Portugal,100000.0,25,2570000.0,25,2470000.0,2008/2009,17642
711,Vitória Setúbal FC,Liga Portugal,0.0,21,650000.0,16,650000.0,2008/2009,17642
712,CS Marítimo,Liga Portugal,0.0,22,0.0,20,0.0,2008/2009,17642
713,Rio Ave FC,Liga Portugal,0.0,17,350000.0,13,350000.0,2008/2009,17642
714,Clube Futebol Estrela da Amadora,Liga Portugal,0.0,18,800000.0,17,800000.0,2008/2009,17642
715,FC Paços de Ferreira,Liga Portugal,0.0,23,1800000.0,21,1800000.0,2008/2009,17642
716,CD Trofense,Liga Portugal,0.0,25,0.0,24,0.0,2008/2009,17642
717,Naval 1º de Maio,Liga Portugal,0.0,20,550000.0,19,550000.0,2008/2009,17642
718,SL Benfica,Liga Portugal,38300000.0,45,6830000.0,43,-31470000.0,2009/2010,17642
719,FC Porto,Liga Portugal,31730000.0,55,72890000.0,56,41160000.0,2009/2010,17642
720,Sporting CP,Liga Portugal,15470000.0,29,100000.0,29,-15370000.0,2009/2010,17642
721,CD Nacional,Liga Portugal,800000.0,20,7500000.0,21,6700000.0,2009/2010,17642
722,Vitória Setúbal FC,Liga Portugal,600000.0,36,105000.0,39,-495000.0,2009/2010,17642
723,SC Braga,Liga Portugal,550000.0,42,9400000.0,41,8850000.0,2009/2010,17642
724,Vitória Guimarães SC,Liga Portugal,550000.0,22,800000.0,22,250000.0,2009/2010,17642
725,União de Leiria,Liga Portugal,350000.0,25,0.0,25,-350000.0,2009/2010,17642
726,Leixões SC,Liga Portugal,50000.0,24,900000.0,22,850000.0,2009/2010,17642
727,CS Marítimo,Liga Portugal,0.0,19,200000.0,24,200000.0,2009/2010,17642
728,Rio Ave FC,Liga Portugal,0.0,20,600000.0,21,600000.0,2009/2010,17642
729,Académica Coimbra,Liga Portugal,0.0,22,200000.0,18,200000.0,2009/2010,17642
730,FC Paços de Ferreira,Liga Portugal,0.0,30,200000.0,33,200000.0,2009/2010,17642
731,SC Olhanense,Liga Portugal,0.0,24,50000.0,21,50000.0,2009/2010,17642
732,Naval 1º de Maio,Liga Portugal,0.0,11,700000.0,11,700000.0,2009/2010,17642
733,CF Os Belenenses,Liga Portugal,0.0,30,500000.0,29,500000.0,2009/2010,17642
734,FC Porto,Liga Portugal,52000000.0,35,148150000.0,39,96150000.0,2015/2016,17642
735,SL Benfica,Liga Portugal,35350000.0,35,104300000.0,35,68950000.0,2015/2016,17642
736,Sporting CP,Liga Portugal,9770000.0,28,19020000.0,22,9250000.0,2015/2016,17642
737,SC Braga,Liga Portugal,4200000.0,30,28330000.0,27,24130000.0,2015/2016,17642
738,Vitória Guimarães SC,Liga Portugal,2250000.0,20,7500000.0,15,5250000.0,2015/2016,17642
739,Rio Ave FC,Liga Portugal,910000.0,27,7800000.0,28,6890000.0,2015/2016,17642
740,Estoril Praia,Liga Portugal,400000.0,28,3050000.0,26,2650000.0,2015/2016,17642
741,CF Os Belenenses,Liga Portugal,250000.0,38,1800000.0,40,1550000.0,2015/2016,17642
742,CF União Madeira (-2021),Liga Portugal,0.0,27,0.0,25,0.0,2015/2016,17642
743,Moreirense FC,Liga Portugal,0.0,26,200000.0,27,200000.0,2015/2016,17642
744,CD Nacional,Liga Portugal,0.0,25,5880000.0,24,5880000.0,2015/2016,17642
745,Vitória Setúbal FC,Liga Portugal,0.0,32,1500000.0,32,1500000.0,2015/2016,17642
746,CS Marítimo,Liga Portugal,0.0,19,11000000.0,17,11000000.0,2015/2016,17642
747,Boavista FC,Liga Portugal,0.0,35,1480000.0,33,1480000.0,2015/2016,17642
748,Académica Coimbra,Liga Portugal,0.0,15,0.0,15,0.0,2015/2016,17642
749,FC Paços de Ferreira,Liga Portugal,0.0,24,3250000.0,24,3250000.0,2015/2016,17642
750,CD Tondela,Liga Portugal,0.0,26,0.0,25,0.0,2015/2016,17642
751,FC Arouca,Liga Portugal,0.0,24,700000.0,23,700000.0,2015/2016,17642
752,FC Porto,Liga Portugal,53250000.0,30,95960000.0,27,42710000.0,2014/2015,17642
753,SL Benfica,Liga Portugal,38650000.0,37,104650000.0,34,66000000.0,2014/2015,17642
754,SC Braga,Liga Portugal,17900000.0,27,50000.0,28,-17850000.0,2014/2015,17642
755,Sporting CP,Liga Portugal,10990000.0,17,31300000.0,17,20320000.0,2014/2015,17642
756,CS Marítimo,Liga Portugal,475000.0,16,4000000.0,13,3530000.0,2014/2015,17642
757,Rio Ave FC,Liga Portugal,200000.0,27,0.0,26,-200000.0,2014/2015,17642
758,Vitória Guimarães SC,Liga Portugal,142000.0,19,7100000.0,17,6960000.0,2014/2015,17642
759,Moreirense FC,Liga Portugal,0.0,27,700000.0,25,700000.0,2014/2015,17642
760,CD Nacional,Liga Portugal,0.0,25,4990000.0,27,4990000.0,2014/2015,17642
761,Vitória Setúbal FC,Liga Portugal,0.0,29,1000000.0,30,1000000.0,2014/2015,17642
762,Estoril Praia,Liga Portugal,0.0,27,6530000.0,25,6530000.0,2014/2015,17642
763,Gil Vicente FC,Liga Portugal,0.0,24,0.0,28,0.0,2014/2015,17642
764,Boavista FC,Liga Portugal,0.0,29,0.0,25,0.0,2014/2015,17642
765,Académica Coimbra,Liga Portugal,0.0,22,0.0,16,0.0,2014/2015,17642
766,FC Paços de Ferreira,Liga Portugal,0.0,28,0.0,28,0.0,2014/2015,17642
767,FC Penafiel,Liga Portugal,0.0,20,0.0,20,0.0,2014/2015,17642
768,FC Arouca,Liga Portugal,0.0,13,0.0,13,0.0,2014/2015,17642
769,CF Os Belenenses,Liga Portugal,0.0,35,400000.0,36,400000.0,2014/2015,17642
788,SL Benfica,Liga Portugal,55750000.0,29,45700000.0,31,-10050000.0,2013/2014,17642
789,FC Porto,Liga Portugal,34820000.0,20,81420000.0,18,46600000.0,2013/2014,17642
790,SC Braga,Liga Portugal,4900000.0,30,7660000.0,34,2760000.0,2013/2014,17642
791,Sporting CP,Liga Portugal,3760000.0,24,35660000.0,24,31910000.0,2013/2014,17642
792,CD Nacional,Liga Portugal,1400000.0,21,0.0,20,-1400000.0,2013/2014,17642
793,CF Os Belenenses,Liga Portugal,1000000.0,29,0.0,29,-1000000.0,2013/2014,17642
794,Vitória Guimarães SC,Liga Portugal,500000.0,17,4750000.0,14,4250000.0,2013/2014,17642
795,Estoril Praia,Liga Portugal,380000.0,21,3900000.0,21,3520000.0,2013/2014,17642
796,Académica Coimbra,Liga Portugal,185000.0,21,1750000.0,25,1570000.0,2013/2014,17642
797,CS Marítimo,Liga Portugal,150000.0,13,4000000.0,19,3850000.0,2013/2014,17642
798,FC Paços de Ferreira,Liga Portugal,125000.0,35,2750000.0,32,2630000.0,2013/2014,17642
799,Rio Ave FC,Liga Portugal,70000.0,38,1000000.0,34,930000.0,2013/2014,17642
800,Vitória Setúbal FC,Liga Portugal,50000.0,28,2049999.9999999998,25,2000000.0,2013/2014,17642
801,Gil Vicente FC,Liga Portugal,0.0,29,150000.0,32,150000.0,2013/2014,17642
802,SC Olhanense,Liga Portugal,0.0,28,0.0,29,0.0,2013/2014,17642
803,FC Arouca,Liga Portugal,0.0,19,0.0,20,0.0,2013/2014,17642
804,SL Benfica,Liga Portugal,29000000.0,39,75730000.0,39,46730000.0,2012/2013,17642
805,FC Porto,Liga Portugal,13070000.0,25,73840000.0,26,60770000.0,2012/2013,17642
806,Sporting CP,Liga Portugal,10650000.0,32,15240000.0,37,4590000.0,2012/2013,17642
807,Rio Ave FC,Liga Portugal,3100000.0,32,1200000.0,33,-1900000.0,2012/2013,17642
808,SC Braga,Liga Portugal,850000.0,30,8500000.0,31,7650000.0,2012/2013,17642
809,Moreirense FC,Liga Portugal,185000.0,20,0.0,21,-185000.0,2012/2013,17642
810,CD Nacional,Liga Portugal,40000.0,22,4270000.0,23,4230000.0,2012/2013,17642
811,Vitória Setúbal FC,Liga Portugal,0.0,23,0.0,22,0.0,2012/2013,17642
812,CS Marítimo,Liga Portugal,0.0,15,1600000.0,9,1600000.0,2012/2013,17642
813,SC Beira-Mar,Liga Portugal,0.0,23,1250000.0,22,1250000.0,2012/2013,17642
814,Estoril Praia,Liga Portugal,0.0,19,0.0,21,0.0,2012/2013,17642
815,Vitória Guimarães SC,Liga Portugal,0.0,22,300000.0,24,300000.0,2012/2013,17642
816,Gil Vicente FC,Liga Portugal,0.0,30,0.0,27,0.0,2012/2013,17642
817,Académica Coimbra,Liga Portugal,0.0,24,0.0,26,0.0,2012/2013,17642
818,FC Paços de Ferreira,Liga Portugal,0.0,24,2000000.0,22,2000000.0,2012/2013,17642
819,SC Olhanense,Liga Portugal,0.0,21,2200000.0,23,2200000.0,2012/2013,17642
820,SL Benfica,Liga Portugal,39130000.0,47,86080000.0,46,46960000.0,2010/2011,17642
821,FC Porto,Liga Portugal,31750000.0,44,38780000.0,45,7030000.0,2010/2011,17642
822,Sporting CP,Liga Portugal,12800000.0,33,22300000.0,31,9500000.0,2010/2011,17642
823,CD Nacional,Liga Portugal,1400000.0,22,0.0,21,-1400000.0,2010/2011,17642
824,Vitória Guimarães SC,Liga Portugal,1050000.0,39,10600000.0,36,9550000.0,2010/2011,17642
825,SC Braga,Liga Portugal,825000.0,47,8500000.0,48,7680000.0,2010/2011,17642
826,SC Olhanense,Liga Portugal,250000.0,31,200000.0,31,-50000.0,2010/2011,17642
827,FC Paços de Ferreira,Liga Portugal,65000.0,23,0.0,22,-65000.0,2010/2011,17642
828,Vitória Setúbal FC,Liga Portugal,0.0,31,0.0,30,0.0,2010/2011,17642
829,CS Marítimo,Liga Portugal,0.0,26,100000.0,27,100000.0,2010/2011,17642
830,SC Beira-Mar,Liga Portugal,0.0,22,0.0,23,0.0,2010/2011,17642
831,Rio Ave FC,Liga Portugal,0.0,22,2300000.0,22,2300000.0,2010/2011,17642
832,União de Leiria,Liga Portugal,0.0,28,2900000.0,27,2900000.0,2010/2011,17642
833,Académica Coimbra,Liga Portugal,0.0,27,400000.0,27,400000.0,2010/2011,17642
834,Naval 1º de Maio,Liga Portugal,0.0,18,1500000.0,19,1500000.0,2010/2011,17642
835,Portimonense SC,Liga Portugal,0.0,28,0.0,28,0.0,2010/2011,17642
836,FC Porto,Liga Portugal,49190000.0,37,46800000.0,38,-2390000.0,2011/2012,17642
837,Sporting CP,Liga Portugal,34000000.0,38,6630000.0,38,-27370000.0,2011/2012,17642
838,SL Benfica,Liga Portugal,30960000.0,51,41190000.0,52,10230000.0,2011/2012,17642
839,SC Braga,Liga Portugal,5290000.0,45,24240000.0,42,18950000.0,2011/2012,17642
840,Vitória Guimarães SC,Liga Portugal,1200000.0,31,1080000.0,36,-120000.0,2011/2012,17642
841,CD Nacional,Liga Portugal,750000.0,21,2600000.0,23,1850000.0,2011/2012,17642
842,FC Paços de Ferreira,Liga Portugal,200000.0,35,750000.0,39,550000.0,2011/2012,17642
843,SC Olhanense,Liga Portugal,100000.0,24,0.0,22,-100000.0,2011/2012,17642
844,Vitória Setúbal FC,Liga Portugal,0.0,22,380000.0,25,380000.0,2011/2012,17642
845,CS Marítimo,Liga Portugal,0.0,20,4000000.0,22,4000000.0,2011/2012,17642
846,SC Beira-Mar,Liga Portugal,0.0,33,1650000.0,31,1650000.0,2011/2012,17642
847,Gil Vicente FC,Liga Portugal,0.0,19,1200000.0,18,1200000.0,2011/2012,17642
848,Rio Ave FC,Liga Portugal,0.0,20,2500000.0,22,2500000.0,2011/2012,17642
849,União de Leiria,Liga Portugal,0.0,33,800000.0,31,800000.0,2011/2012,17642
850,Académica Coimbra,Liga Portugal,0.0,32,1950000.0,30,1950000.0,2011/2012,17642
851,CD Feirense,Liga Portugal,0.0,21,125000.0,19,125000.0,2011/2012,17642
852,Inter Milan,Serie A,75100000.0,34,10180000.0,32,-64920000.0,2008/2009,10257
853,AC Milan,Serie A,73880000.0,35,47950000.0,35,-25930000.0,2008/2009,10257
854,US Palermo,Serie A,57300000.0,31,63950000.0,29,6650000.0,2008/2009,10257
855,Genoa CFC,Serie A,55910000.0,39,40350000.0,42,-15560000.0,2008/2009,10257
856,ACF Fiorentina,Serie A,49200000.0,22,18320000.0,24,-30880000.0,2008/2009,10257
857,Juventus FC,Serie A,40500000.0,35,31800000.0,36,-8700000.0,2008/2009,10257
858,UC Sampdoria,Serie A,38240000.0,35,10800000.0,38,-27440000.0,2008/2009,10257
859,AS Roma,Serie A,32549999.999999996,38,18000000.0,34,-14550000.0,2008/2009,10257
860,SSC Napoli,Serie A,30800000.0,18,10650000.0,19,-20150000.0,2008/2009,10257
861,SS Lazio,Serie A,24550000.0,24,12700000.0,25,-11850000.0,2008/2009,10257
862,Bologna FC 1909,Serie A,24400000.0,20,6400000.0,16,-18000000.0,2008/2009,10257
863,Torino FC,Serie A,22200000.0,18,11400000.0,19,-10800000.0,2008/2009,10257
864,Udinese Calcio,Serie A,20100000.0,49,35500000.0,52,15400000.0,2008/2009,10257
865,Cagliari Calcio,Serie A,19010000.0,17,6150000.0,22,-12860000.0,2008/2009,10257
866,AC Siena,Serie A,16399999.999999998,36,9350000.0,35,-7050000.0,2008/2009,10257
867,Atalanta BC,Serie A,16050000.0,30,16700000.0,30,650000.0,2008/2009,10257
868,US Lecce,Serie A,9100000.0,25,2450000.0,28,-6650000.0,2008/2009,10257
869,Reggina Calcio,Serie A,7350000.0,33,10180000.0,33,2830000.0,2008/2009,10257
870,Calcio Catania,Serie A,5500000.0,23,12300000.0,22,6800000.0,2008/2009,10257
871,Chievo Verona,Serie A,3500000.0,32,1600000.0,28,-1900000.0,2008/2009,10257
872,Inter Milan,Serie A,97200000.0,40,109100000.0,43,11900000.0,2009/2010,10257
873,Genoa CFC,Serie A,78990000.0,61,69750000.0,54,-9240000.0,2009/2010,10257
874,Juventus FC,Serie A,59300000.0,29,14300000.0,28,-45000000.0,2009/2010,10257
875,SSC Napoli,Serie A,55150000.0,17,4750000.0,22,-50400000.0,2009/2010,10257
876,ACF Fiorentina,Serie A,38450000.0,31,45000000.0,30,6550000.0,2009/2010,10257
877,SS Lazio,Serie A,31200000.0,31,13200000.0,25,-18000000.0,2009/2010,10257
878,Parma FC,Serie A,27470000.0,42,30980000.0,42,3500000.0,2009/2010,10257
879,AC Milan,Serie A,22100000.0,22,80660000.0,23,58560000.0,2009/2010,10257
880,Calcio Catania,Serie A,21500000.0,37,1150000.0,32,-20350000.0,2009/2010,10257
881,AS Bari,Serie A,19140000.0,45,1790000.0,40,-17340000.0,2009/2010,10257
882,Udinese Calcio,Serie A,18330000.0,55,36400000.0,51,18070000.0,2009/2010,10257
883,AC Siena,Serie A,17400000.0,43,27200000.0,44,9800000.0,2009/2010,10257
884,US Palermo,Serie A,17300000.0,35,12790000.0,32,-4510000.0,2009/2010,10257
885,Cagliari Calcio,Serie A,12750000.0,16,1050000.0,14,-11700000.0,2009/2010,10257
886,Atalanta BC,Serie A,11500000.0,33,22220000.0,32,10720000.0,2009/2010,10257
887,Bologna FC 1909,Serie A,10490000.0,24,6200000.0,24,-4290000.0,2009/2010,10257
888,UC Sampdoria,Serie A,8960000.0,40,19600000.0,39,10640000.0,2009/2010,10257
889,AS Roma,Serie A,3500000.0,28,22080000.0,32,18580000.0,2009/2010,10257
890,AS Livorno,Serie A,2870000.0,27,7700000.0,22,4830000.0,2009/2010,10257
891,Chievo Verona,Serie A,2300000.0,36,4400000.0,38,2100000.0,2009/2010,10257
892,Juventus FC,Serie A,153500000.0,82,81280000.0,83,-72220000.0,2015/2016,10257
893,Inter Milan,Serie A,102450000.0,60,115320000.0,72,12870000.0,2015/2016,10257
894,AC Milan,Serie A,102280000.0,51,11160000.0,57,-91120000.0,2015/2016,10257
895,AS Roma,Serie A,60850000.0,61,102250000.0,61,41400000.0,2015/2016,10257
896,SSC Napoli,Serie A,42700000.0,34,18290000.0,36,-24410000.0,2015/2016,10257
897,UC Sampdoria,Serie A,34670000.0,59,16820000.0,59,-17850000.0,2015/2016,10257
898,SS Lazio,Serie A,31250000.0,35,2370000.0,37,-28880000.0,2015/2016,10257
899,US Sassuolo,Serie A,30700000.0,21,25000000.0,28,-5700000.0,2015/2016,10257
900,Torino FC,Serie A,28050000.0,42,19750000.0,43,-8300000.000000001,2015/2016,10257
901,Atalanta BC,Serie A,26680000.0,74,37950000.0,73,11270000.0,2015/2016,10257
902,Bologna FC 1909,Serie A,26630000.0,45,800000.0,45,-25830000.0,2015/2016,10257
903,ACF Fiorentina,Serie A,24400000.0,43,26850000.0,52,2450000.0,2015/2016,10257
904,Udinese Calcio,Serie A,21420000.0,62,74120000.0,62,52700000.0,2015/2016,10257
905,Genoa CFC,Serie A,16700000.0,51,43150000.0,50,26450000.0,2015/2016,10257
906,US Palermo,Serie A,12250000.0,41,52900000.0,41,40650000.0,2015/2016,10257
907,FC Empoli,Serie A,6350000.0,33,11500000.0,33,5150000.0,2015/2016,10257
908,Hellas Verona,Serie A,6300000.0,49,2049999.9999999998,54,-4250000.0,2015/2016,10257
909,Chievo Verona,Serie A,6130000.0,71,15400000.0,71,9270000.0,2015/2016,10257
910,Frosinone Calcio,Serie A,400000.0,22,200000.0,23,-200000.0,2015/2016,10257
911,Carpi FC 1909,Serie A,300000.0,41,275000.0,40,-25000.0,2015/2016,10257
912,AS Roma,Serie A,101410000.0,47,41600000.0,44,-59810000.0,2014/2015,10257
913,Juventus FC,Serie A,55100000.0,62,25910000.0,61,-29190000.0,2014/2015,10257
914,SSC Napoli,Serie A,34800000.0,40,20450000.0,39,-14350000.0,2014/2015,10257
915,Udinese Calcio,Serie A,29200000.0,54,25400000.0,59,-3800000.0,2014/2015,10257
916,UC Sampdoria,Serie A,24350000.0,57,26520000.0,52,2170000.0,2014/2015,10257
917,Torino FC,Serie A,23200000.0,38,33860000.0,40,10660000.0,2014/2015,10257
918,Cagliari Calcio,Serie A,22600000.0,29,21930000.0,28,-675000.0,2014/2015,10257
919,Hellas Verona,Serie A,22260000.0,59,31250000.0,57,8990000.0,2014/2015,10257
920,Parma FC,Serie A,19740000.0,218,18700000.0,215,-1040000.0,2014/2015,10257
921,US Palermo,Serie A,19700000.0,41,18500000.0,41,-1200000.0,2014/2015,10257
922,US Sassuolo,Serie A,19300000.0,29,12600000.0,31,-6700000.0,2014/2015,10257
923,Inter Milan,Serie A,16950000.0,57,23600000.0,53,6650000.0,2014/2015,10257
924,AC Milan,Serie A,16900000.0,61,28200000.0,60,11300000.0,2014/2015,10257
925,SS Lazio,Serie A,12750000.0,33,150000.0,32,-12600000.0,2014/2015,10257
926,Atalanta BC,Serie A,11090000.0,49,20000000.0,54,8910000.0,2014/2015,10257
927,AC Cesena,Serie A,9850000.0,54,14650000.0,56,4800000.0,2014/2015,10257
928,ACF Fiorentina,Serie A,9100000.0,39,38000000.0,36,28900000.0,2014/2015,10257
929,Chievo Verona,Serie A,8600000.0,74,5040000.0,76,-3560000.0,2014/2015,10257
930,Genoa CFC,Serie A,7450000.0,57,25950000.0,60,18500000.0,2014/2015,10257
931,FC Empoli,Serie A,1410000.0,33,358000.0,34,-1050000.0,2014/2015,10257
952,SSC Napoli,Serie A,107450000.0,40,74200000.0,39,-33250000.0,2013/2014,10257
953,AS Roma,Serie A,75390000.0,44,120390000.0,48,45000000.0,2013/2014,10257
954,Inter Milan,Serie A,61640000.0,39,11000000.0,42,-50640000.0,2013/2014,10257
955,ACF Fiorentina,Serie A,53300000.0,31,41000000.0,32,-12300000.0,2013/2014,10257
956,Juventus FC,Serie A,49500000.0,42,69090000.0,46,19590000.0,2013/2014,10257
957,US Sassuolo,Serie A,46500000.0,36,5000000.0,29,-41500000.0,2013/2014,10257
958,AC Milan,Serie A,43130000.0,50,17400000.0,48,-25730000.0,2013/2014,10257
959,Udinese Calcio,Serie A,26860000.0,59,49700000.0,54,22840000.0,2013/2014,10257
960,SS Lazio,Serie A,26830000.0,27,28450000.0,26,1620000.0,2013/2014,10257
961,Genoa CFC,Serie A,23440000.0,66,30230000.0,65,6800000.0,2013/2014,10257
962,Torino FC,Serie A,20250000.0,27,21840000.0,27,1590000.0,2013/2014,10257
963,UC Sampdoria,Serie A,19600000.0,49,25450000.0,55,5850000.0,2013/2014,10257
964,Parma FC,Serie A,13680000.0,233,35470000.0,233,21790000.0,2013/2014,10257
965,Atalanta BC,Serie A,11330000.0,39,6200000.0,39,-5130000.0,2013/2014,10257
966,Calcio Catania,Serie A,8369999.999999999,41,11090000.0,40,2720000.0,2013/2014,10257
967,Hellas Verona,Serie A,8100000.0,49,9500000.0,48,1400000.0,2013/2014,10257
968,Bologna FC 1909,Serie A,6590000.0,44,18000000.0,47,11410000.0,2013/2014,10257
969,AS Livorno,Serie A,4820000.0,34,1800000.0,33,-3020000.0,2013/2014,10257
970,Chievo Verona,Serie A,3900000.0,61,5860000.0,65,1960000.0,2013/2014,10257
971,Cagliari Calcio,Serie A,1800000.0,20,7300000.0,19,5500000.0,2013/2014,10257
972,Inter Milan,Serie A,76550000.0,47,65800000.0,44,-10750000.0,2012/2013,10257
973,Juventus FC,Serie A,72800000.0,47,23300000.0,43,-49500000.0,2012/2013,10257
974,AC Milan,Serie A,59600000.0,44,88500000.0,53,28900000.0,2012/2013,10257
975,AS Roma,Serie A,44170000.0,46,21560000.0,45,-22600000.0,2012/2013,10257
976,ACF Fiorentina,Serie A,41670000.0,38,33400000.0,39,-8270000.0,2012/2013,10257
977,Udinese Calcio,Serie A,31400000.0,52,60950000.0,57,29550000.0,2012/2013,10257
978,SSC Napoli,Serie A,31050000.0,29,34850000.0,28,3800000.0,2012/2013,10257
979,Parma FC,Serie A,29950000.0,110,25250000.0,105,-4700000.0,2012/2013,10257
980,Genoa CFC,Serie A,26930000.0,74,79750000.0,72,52820000.0,2012/2013,10257
981,US Palermo,Serie A,26000000.0,43,25080000.0,44,-925000.0,2012/2013,10257
982,Torino FC,Serie A,24980000.0,29,4380000.0,32,-20600000.0,2012/2013,10257
983,UC Sampdoria,Serie A,21000000.0,48,6200000.0,47,-14800000.0,2012/2013,10257
984,Atalanta BC,Serie A,19350000.0,31,18450000.0,30,-900000.0,2012/2013,10257
985,Delfino Pescara 1936,Serie A,18980000.0,42,15500000.0,37,-3480000.0,2012/2013,10257
986,Chievo Verona,Serie A,11800000.0,54,13130000.0,54,1330000.0,2012/2013,10257
987,Cagliari Calcio,Serie A,11600000.0,22,2700000.0,23,-8900000.0,2012/2013,10257
988,AC Siena,Serie A,11420000.0,66,27560000.0,65,16129999.999999998,2012/2013,10257
989,Bologna FC 1909,Serie A,10290000.0,32,18050000.0,33,7760000.0,2012/2013,10257
990,Calcio Catania,Serie A,9030000.0,33,3280000.0,36,-5750000.0,2012/2013,10257
991,SS Lazio,Serie A,1530000.0,28,950000.0,28,-580000.0,2012/2013,10257
992,Genoa CFC,Serie A,80050000.0,62,62000000.0,66,-18050000.0,2010/2011,10257
993,Juventus FC,Serie A,59270000.0,46,36780000.0,42,-22500000.0,2010/2011,10257
994,AC Milan,Serie A,51900000.0,43,25930000.0,39,-25970000.0,2010/2011,10257
995,Inter Milan,Serie A,38140000.0,37,66530000.0,38,28390000.0,2010/2011,10257
996,US Palermo,Serie A,33210000.0,40,23850000.0,42,-9360000.0,2010/2011,10257
997,Parma FC,Serie A,30780000.0,54,18660000.0,52,-12120000.0,2010/2011,10257
998,SS Lazio,Serie A,29500000.0,19,27030000.0,22,-2470000.0,2010/2011,10257
999,UC Sampdoria,Serie A,25810000.0,37,27000000.0,36,1200000.0,2010/2011,10257
1000,ACF Fiorentina,Serie A,22820000.0,27,5750000.0,24,-17070000.0,2010/2011,10257
1001,Bologna FC 1909,Serie A,22360000.0,23,8199999.999999999,24,-14160000.0,2010/2011,10257
1002,SSC Napoli,Serie A,19800000.0,30,12900000.0,24,-6900000.0,2010/2011,10257
1003,Udinese Calcio,Serie A,15050000.0,56,30290000.0,59,15240000.0,2010/2011,10257
1004,AS Bari,Serie A,12250000.0,45,16500000.0,44,4250000.0,2010/2011,10257
1005,AS Roma,Serie A,11200000.0,30,10650000.0,28,-550000.0,2010/2011,10257
1006,Brescia Calcio,Serie A,8250000.0,25,7650000.0,24,-600000.0,2010/2011,10257
1007,Cagliari Calcio,Serie A,6900000.0,16,8960000.0,21,2060000.0,2010/2011,10257
1008,Chievo Verona,Serie A,6850000.0,50,1100000.0,51,-5750000.0,2010/2011,10257
1009,AC Cesena,Serie A,6570000.0,41,6350000.0,48,-215000.0,2010/2011,10257
1010,US Lecce,Serie A,4800000.0,30,1840000.0,34,-2960000.0,2010/2011,10257
1011,Calcio Catania,Serie A,4200000.0,23,19000000.0,29,14800000.0,2010/2011,10257
1012,Juventus FC,Serie A,101830000.0,45,20700000.0,50,-81130000.0,2011/2012,10257
1013,AS Roma,Serie A,91250000.0,34,26130000.0,32,-65120000.00000001,2011/2012,10257
1014,SSC Napoli,Serie A,72700000.0,35,23790000.0,40,-48910000.0,2011/2012,10257
1015,AC Milan,Serie A,65150000.00000001,48,22300000.0,43,-42850000.0,2011/2012,10257
1016,Genoa CFC,Serie A,53130000.0,70,81950000.0,71,28810000.0,2011/2012,10257
1017,US Palermo,Serie A,46030000.0,49,69650000.0,48,23630000.0,2011/2012,10257
1018,Inter Milan,Serie A,41700000.0,37,55950000.0,37,14250000.0,2011/2012,10257
1019,SS Lazio,Serie A,22840000.0,25,26380000.0,25,3540000.0,2011/2012,10257
1020,Udinese Calcio,Serie A,22410000.0,63,70630000.0,62,48220000.0,2011/2012,10257
1021,Bologna FC 1909,Serie A,20780000.0,27,21100000.0,24,318000.0,2011/2012,10257
1022,ACF Fiorentina,Serie A,20140000.0,36,20110000.0,35,-23000.0,2011/2012,10257
1023,Atalanta BC,Serie A,15000000.0,29,11900000.0,31,-3100000.0,2011/2012,10257
1024,AC Siena,Serie A,14330000.0,54,3430000.0,54,-10900000.0,2011/2012,10257
1025,Parma FC,Serie A,12360000.0,69,31500000.0,70,19150000.0,2011/2012,10257
1026,Chievo Verona,Serie A,11450000.0,60,13240000.0,56,1790000.0,2011/2012,10257
1027,AC Cesena,Serie A,10470000.0,55,12250000.0,54,1780000.0,2011/2012,10257
1028,Cagliari Calcio,Serie A,8199999.999999999,21,25700000.0,17,17500000.0,2011/2012,10257
1029,Novara Calcio 1908,Serie A,5650000.0,28,2140000.0,27,-3510000.0,2011/2012,10257
1030,Calcio Catania,Serie A,4139999.9999999995,24,13080000.0,25,8940000.0,2011/2012,10257
1031,US Lecce,Serie A,1400000.0,29,7570000.0,26,6170000.0,2011/2012,10257
